用語	種類	出現回数	出典
SUS304	型番	77	kikai_r4.pdf
SCS13	型番	15	kikai_r4.pdf
SUS316	型番	15	kikai_r4.pdf
SUS430	型番	11	kikai_r4.pdf
SS400	型番	10	kikai_r4.pdf
M10	型番	9	kikai_r4.pdf
S30C	型番	8	kikai_r4.pdf
SUS403	型番	8	kikai_r4.pdf
CAC406	型番	7	kikai_r4.pdf
FC200	型番	7	kikai_r4.pdf
SUS444	型番	7	kikai_r4.pdf
C1201	型番	6	kikai_r4.pdf
C1220	型番	6	kikai_r4.pdf
SUS316L	型番	6	kikai_r4.pdf
SUS329J4L	型番	6	kikai_r4.pdf
SUS420J2	型番	5	kikai_r4.pdf
C1100	型番	4	kikai_r4.pdf
SUS304L	型番	4	kikai_r4.pdf
CAC901	型番	3	kikai_r4.pdf
FC150	型番	3	kikai_r4.pdf
HA-026	型番	3	kikai_r4.pdf
HA-032	型番	3	kikai_r4.pdf
EP18	型番	2	kikai_r4.pdf
G-3	型番	2	kikai_r4.pdf
HA-022	型番	2	kikai_r4.pdf
JLIA-B-2	型番	2	kikai_r4.pdf
JRA4036	型番	2	kikai_r4.pdf
K-7	型番	2	kikai_r4.pdf
M-111	型番	2	kikai_r4.pdf
SUS443J1	型番	2	kikai_r4.pdf
Z18	型番	2	kikai_r4.pdf
機械設備工事編	用語	363	kikai_r4.pdf
標準仕様	用語	152	kikai_r4.pdf
製造者	用語	150	kikai_r4.pdf
監督職員	用語	148	kikai_r4.pdf
当該事項	用語	142	kikai_r4.pdf
電動機	用語	124	kikai_r4.pdf
附属品	用語	122	kikai_r4.pdf
ダクト	用語	109	kikai_r4.pdf
ケーシング	用語	105	kikai_r4.pdf
標準図	用語	100	kikai_r4.pdf
ステンレス鋼板	用語	95	kikai_r4.pdf
一般事項	用語	87	kikai_r4.pdf
銅合金	用語	83	kikai_r4.pdf
制御盤	用語	77	kikai_r4.pdf
溶融亜鉛	用語	67	kikai_r4.pdf
安全装置	用語	65	kikai_r4.pdf
ステンレス鋼板製	用語	59	kikai_r4.pdf
操作盤	用語	56	kikai_r4.pdf
合成樹脂製	用語	54	kikai_r4.pdf
鋼板製	用語	53	kikai_r4.pdf
自動的	用語	51	kikai_r4.pdf
送風機	用語	49	kikai_r4.pdf
溶融アルミニウム	用語	48	kikai_r4.pdf
鋳鉄製	用語	48	kikai_r4.pdf
防錆処理	用語	48	kikai_r4.pdf
亜鉛鉄板	用語	46	kikai_r4.pdf
ステンレス鋼製	用語	45	kikai_r4.pdf
タンク	用語	45	kikai_r4.pdf
圧力計	用語	45	kikai_r4.pdf
ポンプ	用語	44	kikai_r4.pdf
ボイラー	用語	41	kikai_r4.pdf
設計図書	用語	41	kikai_r4.pdf
コイル	用語	39	kikai_r4.pdf
機械室	用語	39	kikai_r4.pdf
排水管	用語	38	kikai_r4.pdf
継目無管	用語	38	kikai_r4.pdf
ペイント	用語	37	kikai_r4.pdf
冷間圧延ステンレス鋼板	用語	37	kikai_r4.pdf
ボルト	用語	36	kikai_r4.pdf
耐食性	用語	36	kikai_r4.pdf
公共建築工事標準仕様書	用語	35	kikai_r4.pdf
最高使用圧力	用語	35	kikai_r4.pdf
エレベーター	用語	34	kikai_r4.pdf
青銅製	用語	34	kikai_r4.pdf
アウトレット	用語	33	kikai_r4.pdf
ステンレス製	用語	33	kikai_r4.pdf
通気管	用語	32	kikai_r4.pdf
圧縮機	用語	31	kikai_r4.pdf
建築物	用語	31	kikai_r4.pdf
年法律第	用語	30	kikai_r4.pdf
溶接式管継手	用語	30	kikai_r4.pdf
カラー亜鉛鉄板	用語	29	kikai_r4.pdf
凝縮器	用語	29	kikai_r4.pdf
技術上	用語	29	kikai_r4.pdf
羽根車	用語	29	kikai_r4.pdf
フランジ	用語	28	kikai_r4.pdf
天井内	用語	28	kikai_r4.pdf
仕切弁	用語	27	kikai_r4.pdf
給水管	用語	27	kikai_r4.pdf
配管用炭素鋼鋼管	用語	27	kikai_r4.pdf
ポリエチレン	用語	26	kikai_r4.pdf
保温材	用語	26	kikai_r4.pdf
保護制御機能	用語	26	kikai_r4.pdf
区域別遮断弁	用語	26	kikai_r4.pdf
地震感知器	用語	26	kikai_r4.pdf
接続口	用語	26	kikai_r4.pdf
保持時間	用語	25	kikai_r4.pdf
可動羽根	用語	25	kikai_r4.pdf
合成樹脂	用語	25	kikai_r4.pdf
配管要領	用語	25	kikai_r4.pdf
アルミニウム	用語	24	kikai_r4.pdf
一般構造用圧延鋼材	用語	24	kikai_r4.pdf
号消火栓	用語	24	kikai_r4.pdf
安全弁	用語	24	kikai_r4.pdf
ボイラ	用語	23	kikai_r4.pdf
同等以上	用語	23	kikai_r4.pdf
基礎施工要領	用語	23	kikai_r4.pdf
床置形	用語	23	kikai_r4.pdf
形鋼振	用語	23	kikai_r4.pdf
溶接接合	用語	23	kikai_r4.pdf
溶接部	用語	23	kikai_r4.pdf
用ボルト	用語	23	kikai_r4.pdf
アルミニウム合金	用語	22	kikai_r4.pdf
フィルム	用語	22	kikai_r4.pdf
容器弁	用語	22	kikai_r4.pdf
蒸発器	用語	22	kikai_r4.pdf
試験方法	用語	22	kikai_r4.pdf
鋳鉄品	用語	22	kikai_r4.pdf
アルミガラスクロス	用語	21	kikai_r4.pdf
ステンレス鋼管	用語	21	kikai_r4.pdf
パネル	用語	21	kikai_r4.pdf
フランジ接合	用語	21	kikai_r4.pdf
制御装置	用語	21	kikai_r4.pdf
吸収冷温水機	用語	21	kikai_r4.pdf
地震力	用語	21	kikai_r4.pdf
屋内機	用語	21	kikai_r4.pdf
熱交換器	用語	21	kikai_r4.pdf
鋼製架台	用語	21	kikai_r4.pdf
高圧ガス保安法	用語	21	kikai_r4.pdf
アルミニウム材	用語	20	kikai_r4.pdf
ガス事業者	用語	20	kikai_r4.pdf
ステンレス鋼棒	用語	20	kikai_r4.pdf
ユニット形空気調和機	用語	20	kikai_r4.pdf
中央監視装置	用語	20	kikai_r4.pdf
倍以上	用語	20	kikai_r4.pdf
吹出口	用語	20	kikai_r4.pdf
水圧試験	用語	20	kikai_r4.pdf
設定値	用語	20	kikai_r4.pdf
難燃性	用語	20	kikai_r4.pdf
アルミニウム板	用語	19	kikai_r4.pdf
ガス漏	用語	19	kikai_r4.pdf
ストレーナ	用語	19	kikai_r4.pdf
パッケージ形空気調和機	用語	19	kikai_r4.pdf
不活性ガス消火設備	用語	19	kikai_r4.pdf
円形ダクト	用語	19	kikai_r4.pdf
標準仕様書	用語	19	kikai_r4.pdf
種耐震支持	用語	19	kikai_r4.pdf
遮断弁	用語	19	kikai_r4.pdf
ドレンパン	用語	18	kikai_r4.pdf
ナット	用語	18	kikai_r4.pdf
バルブ	用語	18	kikai_r4.pdf
ビニル管	用語	18	kikai_r4.pdf
ホース	用語	18	kikai_r4.pdf
支持金物	用語	18	kikai_r4.pdf
木質バイオマスボイラー	用語	18	kikai_r4.pdf
点検口	用語	18	kikai_r4.pdf
粘着テープ	用語	18	kikai_r4.pdf
表示装置	用語	18	kikai_r4.pdf
誘導電動機	用語	18	kikai_r4.pdf
鋼製ボイラー	用語	18	kikai_r4.pdf
ソケットアセンブリ	用語	17	kikai_r4.pdf
ヘアライン仕上	用語	17	kikai_r4.pdf
冷凍能力	用語	17	kikai_r4.pdf
取付座	用語	17	kikai_r4.pdf
圧力配管用炭素鋼鋼管	用語	17	kikai_r4.pdf
地震時	用語	17	kikai_r4.pdf
塩ビライニング鋼管	用語	17	kikai_r4.pdf
屋内露出	用語	17	kikai_r4.pdf
溶接加工	用語	17	kikai_r4.pdf
蒸気管	用語	17	kikai_r4.pdf
設計用水平震度	用語	17	kikai_r4.pdf
電動機直動形	用語	17	kikai_r4.pdf
電気式	用語	17	kikai_r4.pdf
ケーブル	用語	16	kikai_r4.pdf
ステンレス鋼鋳鋼品	用語	16	kikai_r4.pdf
ヘッダー	用語	16	kikai_r4.pdf
マンホール	用語	16	kikai_r4.pdf
一般居室	用語	16	kikai_r4.pdf
一般配管用ステンレス鋼弁	用語	16	kikai_r4.pdf
冷凍機	用語	16	kikai_r4.pdf
冷媒管	用語	16	kikai_r4.pdf
冷温水	用語	16	kikai_r4.pdf
加湿器	用語	16	kikai_r4.pdf
合成樹脂製カバー	用語	16	kikai_r4.pdf
構成部品	用語	16	kikai_r4.pdf
無圧式温水発生機	用語	16	kikai_r4.pdf
給水装置	用語	16	kikai_r4.pdf
貯蔵容器	用語	16	kikai_r4.pdf
逆止弁	用語	16	kikai_r4.pdf
関係法令	用語	16	kikai_r4.pdf
防振支持	用語	16	kikai_r4.pdf
電線管	用語	16	kikai_r4.pdf
ファンコイルユニット	用語	15	kikai_r4.pdf
ボックス	用語	15	kikai_r4.pdf
ユニット	用語	15	kikai_r4.pdf
レシーバータンク	用語	15	kikai_r4.pdf
冷却水	用語	15	kikai_r4.pdf
冷房能力	用語	15	kikai_r4.pdf
多湿箇所	用語	15	kikai_r4.pdf
屋外露出	用語	15	kikai_r4.pdf
最大間隔	用語	15	kikai_r4.pdf
油脂分	用語	15	kikai_r4.pdf
玉形弁	用語	15	kikai_r4.pdf
補強材	用語	15	kikai_r4.pdf
警報器	用語	15	kikai_r4.pdf
還水タンク	用語	15	kikai_r4.pdf
インバーター制御	用語	14	kikai_r4.pdf
ガラスクロス	用語	14	kikai_r4.pdf
チリングユニット	用語	14	kikai_r4.pdf
ニッケル	用語	14	kikai_r4.pdf
ハウジング形管継手	用語	14	kikai_r4.pdf
ロックウール保温材	用語	14	kikai_r4.pdf
上層階	用語	14	kikai_r4.pdf
二酸化炭素	用語	14	kikai_r4.pdf
保護機能	用語	14	kikai_r4.pdf
入出力信号	用語	14	kikai_r4.pdf
受注者	用語	14	kikai_r4.pdf
各機器	用語	14	kikai_r4.pdf
吸収器	用語	14	kikai_r4.pdf
圧縮空気供給装置	用語	14	kikai_r4.pdf
壁掛形	用語	14	kikai_r4.pdf
屋外機	用語	14	kikai_r4.pdf
接合部	用語	14	kikai_r4.pdf
支持要領	用語	14	kikai_r4.pdf
最高圧力	用語	14	kikai_r4.pdf
温度計	用語	14	kikai_r4.pdf
設定温度	用語	14	kikai_r4.pdf
貯湯タンク	用語	14	kikai_r4.pdf
銅合金鋳物	用語	14	kikai_r4.pdf
電気亜鉛	用語	14	kikai_r4.pdf
青銅弁	用語	14	kikai_r4.pdf
オーバーフロー管	用語	13	kikai_r4.pdf
コック	用語	13	kikai_r4.pdf
コンパクト形空気調和機	用語	13	kikai_r4.pdf
コージェネレーション装置	用語	13	kikai_r4.pdf
スクリーン	用語	13	kikai_r4.pdf
ステンレス鋼管製	用語	13	kikai_r4.pdf
スパイラルダクト	用語	13	kikai_r4.pdf
スリーブ	用語	13	kikai_r4.pdf
ダンパー	用語	13	kikai_r4.pdf
バルコニー	用語	13	kikai_r4.pdf
バンク	用語	13	kikai_r4.pdf
ポリ粉体鋼管	用語	13	kikai_r4.pdf
供給装置	用語	13	kikai_r4.pdf
保温帯	用語	13	kikai_r4.pdf
冷却塔	用語	13	kikai_r4.pdf
小型貫流ボイラー	用語	13	kikai_r4.pdf
接合材料	用語	13	kikai_r4.pdf
接着剤	用語	13	kikai_r4.pdf
支持間隔	用語	13	kikai_r4.pdf
暗渠内	用語	13	kikai_r4.pdf
最寄階	用語	13	kikai_r4.pdf
水道事業者	用語	13	kikai_r4.pdf
温度保護制御機能	用語	13	kikai_r4.pdf
熱間圧延軟鋼板	用語	13	kikai_r4.pdf
真空給水ポンプユニット	用語	13	kikai_r4.pdf
給湯管	用語	13	kikai_r4.pdf
衛生器具	用語	13	kikai_r4.pdf
鋼管継手	用語	13	kikai_r4.pdf
電気設備	用語	13	kikai_r4.pdf
黄銅製	用語	13	kikai_r4.pdf
アルミニウム合金製	用語	12	kikai_r4.pdf
エアフィルター	用語	12	kikai_r4.pdf
カセット形	用語	12	kikai_r4.pdf
ケーシング内	用語	12	kikai_r4.pdf
ピット内	用語	12	kikai_r4.pdf
リベット	用語	12	kikai_r4.pdf
レール	用語	12	kikai_r4.pdf
低圧ダクト	用語	12	kikai_r4.pdf
低水位	用語	12	kikai_r4.pdf
内容積	用語	12	kikai_r4.pdf
再生器	用語	12	kikai_r4.pdf
冷間圧延鋼板	用語	12	kikai_r4.pdf
判定基準	用語	12	kikai_r4.pdf
原動機	用語	12	kikai_r4.pdf
吸込口	用語	12	kikai_r4.pdf
噴射ヘッド	用語	12	kikai_r4.pdf
固定支持	用語	12	kikai_r4.pdf
地下階	用語	12	kikai_r4.pdf
地震動	用語	12	kikai_r4.pdf
基礎上	用語	12	kikai_r4.pdf
巻上機	用語	12	kikai_r4.pdf
建築基準法施行令第	用語	12	kikai_r4.pdf
感知器	用語	12	kikai_r4.pdf
接合方法	用語	12	kikai_r4.pdf
接液部	用語	12	kikai_r4.pdf
気密試験	用語	12	kikai_r4.pdf
液化石油ガス	用語	12	kikai_r4.pdf
熱出力	用語	12	kikai_r4.pdf
燃焼装置	用語	12	kikai_r4.pdf
発注者	用語	12	kikai_r4.pdf
管継手	用語	12	kikai_r4.pdf
設置場所	用語	12	kikai_r4.pdf
試験圧力	用語	12	kikai_r4.pdf
貫通部	用語	12	kikai_r4.pdf
遠心送風機	用語	12	kikai_r4.pdf
適正化	用語	12	kikai_r4.pdf
開放廊下	用語	12	kikai_r4.pdf
関連工事	用語	12	kikai_r4.pdf
防火区画	用語	12	kikai_r4.pdf
電気集	用語	12	kikai_r4.pdf
駆動装置	用語	12	kikai_r4.pdf
アンカーボルト	用語	11	kikai_r4.pdf
ガスケット	用語	11	kikai_r4.pdf
クロム	用語	11	kikai_r4.pdf
コンクリート	用語	11	kikai_r4.pdf
ストッパー	用語	11	kikai_r4.pdf
フランジ形	用語	11	kikai_r4.pdf
モルタル	用語	11	kikai_r4.pdf
ロックウール	用語	11	kikai_r4.pdf
主成分	用語	11	kikai_r4.pdf
亜鉛鉄板製	用語	11	kikai_r4.pdf
保温筒	用語	11	kikai_r4.pdf
停電時	用語	11	kikai_r4.pdf
固定金物	用語	11	kikai_r4.pdf
圧力容器安全規則	用語	11	kikai_r4.pdf
地域係数	用語	11	kikai_r4.pdf
始動方式	用語	11	kikai_r4.pdf
定格出力	用語	11	kikai_r4.pdf
差口外面	用語	11	kikai_r4.pdf
年消防庁告示第	用語	11	kikai_r4.pdf
建築基準法	用語	11	kikai_r4.pdf
式可鍛鋳鉄製管継手	用語	11	kikai_r4.pdf
成績係数	用語	11	kikai_r4.pdf
技術基準	用語	11	kikai_r4.pdf
操作スイッチ	用語	11	kikai_r4.pdf
断熱材	用語	11	kikai_r4.pdf
構造物用	用語	11	kikai_r4.pdf
波形保温板	用語	11	kikai_r4.pdf
熱源機	用語	11	kikai_r4.pdf
真空度	用語	11	kikai_r4.pdf
真空式温水発生機	用語	11	kikai_r4.pdf
空気調和機	用語	11	kikai_r4.pdf
結合金具	用語	11	kikai_r4.pdf
耐震クラス	用語	11	kikai_r4.pdf
自動車	用語	11	kikai_r4.pdf
試験成績書	用語	11	kikai_r4.pdf
連成計	用語	11	kikai_r4.pdf
選択弁	用語	11	kikai_r4.pdf
鋳鉄弁	用語	11	kikai_r4.pdf
防滴措置	用語	11	kikai_r4.pdf
防護材	用語	11	kikai_r4.pdf
電流値	用語	11	kikai_r4.pdf
グラスウール製ダクト	用語	10	kikai_r4.pdf
ステンレス鋼材	用語	10	kikai_r4.pdf
パイプシャフト内	用語	10	kikai_r4.pdf
フィン	用語	10	kikai_r4.pdf
ポリエチレン管	用語	10	kikai_r4.pdf
ポンプ本体	用語	10	kikai_r4.pdf
中間階	用語	10	kikai_r4.pdf
二次側	用語	10	kikai_r4.pdf
作動圧力	用語	10	kikai_r4.pdf
冷温水管	用語	10	kikai_r4.pdf
凝縮水	用語	10	kikai_r4.pdf
制御回路	用語	10	kikai_r4.pdf
取付枠	用語	10	kikai_r4.pdf
可搬式超低温液化ガス供給装置	用語	10	kikai_r4.pdf
圧力値	用語	10	kikai_r4.pdf
天井面	用語	10	kikai_r4.pdf
契約書	用語	10	kikai_r4.pdf
実施工程表	用語	10	kikai_r4.pdf
屋内消火栓	用語	10	kikai_r4.pdf
循環ポンプ	用語	10	kikai_r4.pdf
性能試験方法	用語	10	kikai_r4.pdf
懸垂機器	用語	10	kikai_r4.pdf
排水鋼管用可	用語	10	kikai_r4.pdf
揚水用ポンプ	用語	10	kikai_r4.pdf
斜流送風機	用語	10	kikai_r4.pdf
施工種別	用語	10	kikai_r4.pdf
検出範囲	用語	10	kikai_r4.pdf
機械構造用炭素鋼鋼材	用語	10	kikai_r4.pdf
気相部	用語	10	kikai_r4.pdf
熱交換器用炭素鋼鋼管	用語	10	kikai_r4.pdf
燃焼室	用語	10	kikai_r4.pdf
窒素ガス	用語	10	kikai_r4.pdf
耐熱性	用語	10	kikai_r4.pdf
耐熱性ライニング鋼管	用語	10	kikai_r4.pdf
荷物用エレベーター	用語	10	kikai_r4.pdf
蒸気用	用語	10	kikai_r4.pdf
運転時	用語	10	kikai_r4.pdf
過上昇	用語	10	kikai_r4.pdf
配管用ステンレス鋼鋼管	用語	10	kikai_r4.pdf
鋳鉄製ボイラー	用語	10	kikai_r4.pdf
鋼製管フランジ	用語	10	kikai_r4.pdf
防振材	用語	10	kikai_r4.pdf
防振継手	用語	10	kikai_r4.pdf
電動機出力	用語	10	kikai_r4.pdf
電気事業法	用語	10	kikai_r4.pdf
電気配線	用語	10	kikai_r4.pdf
電源盤	用語	10	kikai_r4.pdf
インバーター用制御	用語	9	kikai_r4.pdf
カバープレート	用語	9	kikai_r4.pdf
ガス名	用語	9	kikai_r4.pdf
ガス用	用語	9	kikai_r4.pdf
システム	用語	9	kikai_r4.pdf
ステンレス鋼板製パネルタンク	用語	9	kikai_r4.pdf
ドレン管	用語	9	kikai_r4.pdf
フランジ形外	用語	9	kikai_r4.pdf
フレキシブルジョイント	用語	9	kikai_r4.pdf
フロー	用語	9	kikai_r4.pdf
メカニカルシール	用語	9	kikai_r4.pdf
メカニカル接合	用語	9	kikai_r4.pdf
リモートコントローラー	用語	9	kikai_r4.pdf
中央監視制御装置	用語	9	kikai_r4.pdf
中央監視盤	用語	9	kikai_r4.pdf
乗場ボタン	用語	9	kikai_r4.pdf
停止時	用語	9	kikai_r4.pdf
内側板	用語	9	kikai_r4.pdf
合成樹脂調合ペイント	用語	9	kikai_r4.pdf
圧力変動	用語	9	kikai_r4.pdf
地中配管	用語	9	kikai_r4.pdf
大便器	用語	9	kikai_r4.pdf
完了後	用語	9	kikai_r4.pdf
容量調整装置	用語	9	kikai_r4.pdf
工事現場	用語	9	kikai_r4.pdf
年政令第	用語	9	kikai_r4.pdf
排煙ダクト	用語	9	kikai_r4.pdf
揚水量	用語	9	kikai_r4.pdf
換気用電気集	用語	9	kikai_r4.pdf
新設部	用語	9	kikai_r4.pdf
施工計画書	用語	9	kikai_r4.pdf
樹脂製	用語	9	kikai_r4.pdf
汚物用水中モーターポンプ	用語	9	kikai_r4.pdf
温水発生機	用語	9	kikai_r4.pdf
潤滑油	用語	9	kikai_r4.pdf
燃焼制御方式	用語	9	kikai_r4.pdf
破壊板	用語	9	kikai_r4.pdf
空隙壁中	用語	9	kikai_r4.pdf
膨張タンク	用語	9	kikai_r4.pdf
表示灯	用語	9	kikai_r4.pdf
計測値	用語	9	kikai_r4.pdf
設計用鉛直震度	用語	9	kikai_r4.pdf
配管用鋼板製突合	用語	9	kikai_r4.pdf
配管用鋼製突合	用語	9	kikai_r4.pdf
防振基礎	用語	9	kikai_r4.pdf
防火ダンパー	用語	9	kikai_r4.pdf
雑排水	用語	9	kikai_r4.pdf
電極棒	用語	9	kikai_r4.pdf
電気設備工事編	用語	9	kikai_r4.pdf
インターホン	用語	8	kikai_r4.pdf
エスカレーター	用語	8	kikai_r4.pdf
ガス事業法	用語	8	kikai_r4.pdf
ガス温水熱源機	用語	8	kikai_r4.pdf
ガス種別	用語	8	kikai_r4.pdf
シーリング材	用語	8	kikai_r4.pdf
ジョイント	用語	8	kikai_r4.pdf
スクレーパー	用語	8	kikai_r4.pdf
データ	用語	8	kikai_r4.pdf
ノズル	用語	8	kikai_r4.pdf
パッキン	用語	8	kikai_r4.pdf
ピッチ	用語	8	kikai_r4.pdf
フェルト	用語	8	kikai_r4.pdf
フランジ継手	用語	8	kikai_r4.pdf
フロート	用語	8	kikai_r4.pdf
ブライン管	用語	8	kikai_r4.pdf
プラスチック	用語	8	kikai_r4.pdf
プレート形	用語	8	kikai_r4.pdf
プレート形熱交換器	用語	8	kikai_r4.pdf
ボタン	用語	8	kikai_r4.pdf
ボール弁	用語	8	kikai_r4.pdf
一般配管用	用語	8	kikai_r4.pdf
一般配管用ステンレス鋼鋼管	用語	8	kikai_r4.pdf
下流側	用語	8	kikai_r4.pdf
中央処理装置	用語	8	kikai_r4.pdf
他必要	用語	8	kikai_r4.pdf
低圧側	用語	8	kikai_r4.pdf
保守点検	用語	8	kikai_r4.pdf
保温厚	用語	8	kikai_r4.pdf
保温板	用語	8	kikai_r4.pdf
保護方式	用語	8	kikai_r4.pdf
共通ベース	用語	8	kikai_r4.pdf
冷媒ガス	用語	8	kikai_r4.pdf
労働安全衛生法	用語	8	kikai_r4.pdf
動力伝達装置	用語	8	kikai_r4.pdf
取付金具	用語	8	kikai_r4.pdf
合成ゴム成型品	用語	8	kikai_r4.pdf
合成ゴム製	用語	8	kikai_r4.pdf
同法施行令	用語	8	kikai_r4.pdf
吸収冷温水機ユニット	用語	8	kikai_r4.pdf
吸込側	用語	8	kikai_r4.pdf
固定スクリーン	用語	8	kikai_r4.pdf
国土交通省大臣官房官庁営繕部	用語	8	kikai_r4.pdf
圧力保護制御機能	用語	8	kikai_r4.pdf
地方公共団体	用語	8	kikai_r4.pdf
地震後	用語	8	kikai_r4.pdf
天井吊	用語	8	kikai_r4.pdf
定格速度	用語	8	kikai_r4.pdf
寝台用	用語	8	kikai_r4.pdf
専用乗場ボタン	用語	8	kikai_r4.pdf
屋内消火栓設備	用語	8	kikai_r4.pdf
山形鋼	用語	8	kikai_r4.pdf
悪影響	用語	8	kikai_r4.pdf
接着接合	用語	8	kikai_r4.pdf
接続部	用語	8	kikai_r4.pdf
施工図	用語	8	kikai_r4.pdf
最上階	用語	8	kikai_r4.pdf
有効間隔	用語	8	kikai_r4.pdf
材ユニット	用語	8	kikai_r4.pdf
検査用ガス	用語	8	kikai_r4.pdf
構造上必要	用語	8	kikai_r4.pdf
標準基礎	用語	8	kikai_r4.pdf
標準送気圧力	用語	8	kikai_r4.pdf
機器類	用語	8	kikai_r4.pdf
気流方向	用語	8	kikai_r4.pdf
水圧試験値	用語	8	kikai_r4.pdf
水面計	用語	8	kikai_r4.pdf
水高計	用語	8	kikai_r4.pdf
油ポンプ	用語	8	kikai_r4.pdf
洗面器	用語	8	kikai_r4.pdf
消防法	用語	8	kikai_r4.pdf
液化ガス	用語	8	kikai_r4.pdf
温水管	用語	8	kikai_r4.pdf
測定方法	用語	8	kikai_r4.pdf
炭酸ガス	用語	8	kikai_r4.pdf
点字銘板	用語	8	kikai_r4.pdf
異常上昇	用語	8	kikai_r4.pdf
硬質ポリ塩化ビニル管	用語	8	kikai_r4.pdf
空気調和	用語	8	kikai_r4.pdf
管端防食	用語	8	kikai_r4.pdf
範囲内	用語	8	kikai_r4.pdf
総合試運転調整	用語	8	kikai_r4.pdf
耐圧試験	用語	8	kikai_r4.pdf
自動巻取形	用語	8	kikai_r4.pdf
設計用水平標準震度	用語	8	kikai_r4.pdf
識別色	用語	8	kikai_r4.pdf
警報装置	用語	8	kikai_r4.pdf
軽量形鋼	用語	8	kikai_r4.pdf
送気圧力	用語	8	kikai_r4.pdf
鉛直震度	用語	8	kikai_r4.pdf
鋳鉄製簡易ボイラー	用語	8	kikai_r4.pdf
鋼製簡易ボイラー	用語	8	kikai_r4.pdf
非破壊検査	用語	8	kikai_r4.pdf
面風速	用語	8	kikai_r4.pdf
アネロイド型圧力計	用語	7	kikai_r4.pdf
アルミニウム箔	用語	7	kikai_r4.pdf
アングルフランジ工法ダクト	用語	7	kikai_r4.pdf
オイルサービスタンク	用語	7	kikai_r4.pdf
カバー	用語	7	kikai_r4.pdf
ガイドシュー	用語	7	kikai_r4.pdf
ガスエンジンヒートポンプ式空気調和機	用語	7	kikai_r4.pdf
ガスバーナー	用語	7	kikai_r4.pdf
ガス栓	用語	7	kikai_r4.pdf
ガラス繊維	用語	7	kikai_r4.pdf
クロス	用語	7	kikai_r4.pdf
グラスウール保温板	用語	7	kikai_r4.pdf
コーナーボルト工法ダクト	用語	7	kikai_r4.pdf
シール	用語	7	kikai_r4.pdf
タンク内	用語	7	kikai_r4.pdf
タンク内部	用語	7	kikai_r4.pdf
タンク本体	用語	7	kikai_r4.pdf
ハンドル	用語	7	kikai_r4.pdf
ビニルテープ	用語	7	kikai_r4.pdf
ファンコンベクター	用語	7	kikai_r4.pdf
ブランケット	用語	7	kikai_r4.pdf
プルボックス	用語	7	kikai_r4.pdf
ベルト駆動形	用語	7	kikai_r4.pdf
ベローズ	用語	7	kikai_r4.pdf
ベースブロック	用語	7	kikai_r4.pdf
ボンベ	用語	7	kikai_r4.pdf
ポンプ廻	用語	7	kikai_r4.pdf
マニフォールド	用語	7	kikai_r4.pdf
一般用	用語	7	kikai_r4.pdf
一般配管用鋼製突合	用語	7	kikai_r4.pdf
主要構造部	用語	7	kikai_r4.pdf
二次ポンプ	用語	7	kikai_r4.pdf
付着物	用語	7	kikai_r4.pdf
伸縮管継手	用語	7	kikai_r4.pdf
低温再生器	用語	7	kikai_r4.pdf
冷凍保安規則	用語	7	kikai_r4.pdf
冷却水管	用語	7	kikai_r4.pdf
冷水入口温度	用語	7	kikai_r4.pdf
冷水出口温度	用語	7	kikai_r4.pdf
出口側	用語	7	kikai_r4.pdf
制御弁	用語	7	kikai_r4.pdf
加熱器兼冷却器	用語	7	kikai_r4.pdf
加熱量	用語	7	kikai_r4.pdf
医療ガス設備	用語	7	kikai_r4.pdf
危険物	用語	7	kikai_r4.pdf
取付フレーム	用語	7	kikai_r4.pdf
取付位置	用語	7	kikai_r4.pdf
各装置	用語	7	kikai_r4.pdf
合成樹脂発泡体	用語	7	kikai_r4.pdf
合計値	用語	7	kikai_r4.pdf
呼称寸法	用語	7	kikai_r4.pdf
品質管理	用語	7	kikai_r4.pdf
圧力検出器	用語	7	kikai_r4.pdf
地下オイルタンク	用語	7	kikai_r4.pdf
地中配管用	用語	7	kikai_r4.pdf
天井吊形	用語	7	kikai_r4.pdf
始動時	用語	7	kikai_r4.pdf
始動電流	用語	7	kikai_r4.pdf
定格電流	用語	7	kikai_r4.pdf
定置式超低温液化ガス供給装置	用語	7	kikai_r4.pdf
容器検査	用語	7	kikai_r4.pdf
小型ボイラー	用語	7	kikai_r4.pdf
差込接合	用語	7	kikai_r4.pdf
年自治省令第	用語	7	kikai_r4.pdf
建築工事編	用語	7	kikai_r4.pdf
弁本体	用語	7	kikai_r4.pdf
式鋼管製管継手	用語	7	kikai_r4.pdf
技術検査	用語	7	kikai_r4.pdf
排気管	用語	7	kikai_r4.pdf
排煙口	用語	7	kikai_r4.pdf
揚水管	用語	7	kikai_r4.pdf
断熱材被覆銅管	用語	7	kikai_r4.pdf
既存部	用語	7	kikai_r4.pdf
昇降路内	用語	7	kikai_r4.pdf
本ユニット	用語	7	kikai_r4.pdf
検出部	用語	7	kikai_r4.pdf
機器廻	用語	7	kikai_r4.pdf
機械室設置	用語	7	kikai_r4.pdf
水位制御装置	用語	7	kikai_r4.pdf
水道用ライニング鋼管用	用語	7	kikai_r4.pdf
温水ボイラー	用語	7	kikai_r4.pdf
溶接作業	用語	7	kikai_r4.pdf
溶解栓	用語	7	kikai_r4.pdf
熱媒水	用語	7	kikai_r4.pdf
熱調理器	用語	7	kikai_r4.pdf
熱間圧延ステンレス鋼板	用語	7	kikai_r4.pdf
燃料電池	用語	7	kikai_r4.pdf
球状黒鉛鋳鉄品	用語	7	kikai_r4.pdf
生物膜	用語	7	kikai_r4.pdf
甲金網	用語	7	kikai_r4.pdf
発光ダイオード	用語	7	kikai_r4.pdf
着床精度	用語	7	kikai_r4.pdf
磁粉探傷検査	用語	7	kikai_r4.pdf
空気抜	用語	7	kikai_r4.pdf
空気熱源ヒートポンプユニット	用語	7	kikai_r4.pdf
端末装置	用語	7	kikai_r4.pdf
絶縁抵抗	用語	7	kikai_r4.pdf
絶縁抵抗試験	用語	7	kikai_r4.pdf
耐圧強度	用語	7	kikai_r4.pdf
耐熱塗装	用語	7	kikai_r4.pdf
耐震支持	用語	7	kikai_r4.pdf
自動制御盤	用語	7	kikai_r4.pdf
衛生陶器	用語	7	kikai_r4.pdf
表示板	用語	7	kikai_r4.pdf
表面処理	用語	7	kikai_r4.pdf
複数台	用語	7	kikai_r4.pdf
許容騒音レベル	用語	7	kikai_r4.pdf
試験粉	用語	7	kikai_r4.pdf
調節部	用語	7	kikai_r4.pdf
軸流送風機	用語	7	kikai_r4.pdf
運転機能	用語	7	kikai_r4.pdf
運転状態	用語	7	kikai_r4.pdf
過低下	用語	7	kikai_r4.pdf
過冷却	用語	7	kikai_r4.pdf
過負荷	用語	7	kikai_r4.pdf
遠心冷凍機	用語	7	kikai_r4.pdf
金属管	用語	7	kikai_r4.pdf
鋼製小型ボイラー	用語	7	kikai_r4.pdf
鋼製強化プラスチック製二重殻タンク	用語	7	kikai_r4.pdf
長尺物振	用語	7	kikai_r4.pdf
防食処置	用語	7	kikai_r4.pdf
附属書	用語	7	kikai_r4.pdf
非治療用空気	用語	7	kikai_r4.pdf
飲料用	用語	7	kikai_r4.pdf
高圧側	用語	7	kikai_r4.pdf
高水位	用語	7	kikai_r4.pdf
高温再生器	用語	7	kikai_r4.pdf
アジャスター付	用語	6	kikai_r4.pdf
アダプタプラグ	用語	6	kikai_r4.pdf
アフターフィルター	用語	6	kikai_r4.pdf
エゼクターノズル	用語	6	kikai_r4.pdf
ガス用ポリエチレン管継手	用語	6	kikai_r4.pdf
ガラス繊維強化ポリエステル樹脂	用語	6	kikai_r4.pdf
キャビネット	用語	6	kikai_r4.pdf
グラスウール	用語	6	kikai_r4.pdf
グリーン購入法	用語	6	kikai_r4.pdf
シール材	用語	6	kikai_r4.pdf
スイッチ	用語	6	kikai_r4.pdf
タンク類	用語	6	kikai_r4.pdf
ダクタイル鋳鉄弁	用語	6	kikai_r4.pdf
チャンバー	用語	6	kikai_r4.pdf
デジタル表示	用語	6	kikai_r4.pdf
データ管理	用語	6	kikai_r4.pdf
バックアップ機能	用語	6	kikai_r4.pdf
バーナー	用語	6	kikai_r4.pdf
パネル形エアフィルター	用語	6	kikai_r4.pdf
フィルター	用語	6	kikai_r4.pdf
フィン付	用語	6	kikai_r4.pdf
フランジ押	用語	6	kikai_r4.pdf
ブロック	用語	6	kikai_r4.pdf
プラスチックテープ	用語	6	kikai_r4.pdf
ベリリウム銅	用語	6	kikai_r4.pdf
ポリスチレンフォーム	用語	6	kikai_r4.pdf
ポリテトラフルオロエチレン	用語	6	kikai_r4.pdf
マルチパッケージ形空気調和機	用語	6	kikai_r4.pdf
ミリ目スクリーン	用語	6	kikai_r4.pdf
ワイヤブラシ	用語	6	kikai_r4.pdf
三相誘導電動機	用語	6	kikai_r4.pdf
不燃性	用語	6	kikai_r4.pdf
不燃材料	用語	6	kikai_r4.pdf
乾電池	用語	6	kikai_r4.pdf
人荷共用エレベーター	用語	6	kikai_r4.pdf
付加仕様	用語	6	kikai_r4.pdf
伸縮継手	用語	6	kikai_r4.pdf
使用困難	用語	6	kikai_r4.pdf
供給側	用語	6	kikai_r4.pdf
保護金網	用語	6	kikai_r4.pdf
免震構造	用語	6	kikai_r4.pdf
入口側	用語	6	kikai_r4.pdf
全熱交換効率	用語	6	kikai_r4.pdf
冷温水ポンプ	用語	6	kikai_r4.pdf
制御信号	用語	6	kikai_r4.pdf
制御方式	用語	6	kikai_r4.pdf
加熱方式	用語	6	kikai_r4.pdf
動作隙間	用語	6	kikai_r4.pdf
動的解析	用語	6	kikai_r4.pdf
化エチレン樹脂丸棒	用語	6	kikai_r4.pdf
取扱説明書	用語	6	kikai_r4.pdf
可鍛鋳鉄品	用語	6	kikai_r4.pdf
可鍛鋳鉄弁	用語	6	kikai_r4.pdf
各設備間	用語	6	kikai_r4.pdf
合成ゴム	用語	6	kikai_r4.pdf
同等品	用語	6	kikai_r4.pdf
品質計画	用語	6	kikai_r4.pdf
土工事	用語	6	kikai_r4.pdf
圧力スイッチ	用語	6	kikai_r4.pdf
圧力容器	用語	6	kikai_r4.pdf
圧力調整器	用語	6	kikai_r4.pdf
圧縮機用電動機	用語	6	kikai_r4.pdf
地中熱交換器	用語	6	kikai_r4.pdf
基本方針	用語	6	kikai_r4.pdf
外気処理ユニット	用語	6	kikai_r4.pdf
外表面	用語	6	kikai_r4.pdf
大気圧	用語	6	kikai_r4.pdf
始動負荷低減機能	用語	6	kikai_r4.pdf
小型圧力容器構造規格	用語	6	kikai_r4.pdf
工事検査	用語	6	kikai_r4.pdf
左官工事	用語	6	kikai_r4.pdf
年通商産業省令第	用語	6	kikai_r4.pdf
形エアフィルター	用語	6	kikai_r4.pdf
形誘導電動機	用語	6	kikai_r4.pdf
必要ストローク	用語	6	kikai_r4.pdf
急行ゾーン	用語	6	kikai_r4.pdf
手動式	用語	6	kikai_r4.pdf
抜取率	用語	6	kikai_r4.pdf
振動絶縁効率	用語	6	kikai_r4.pdf
据付位置	用語	6	kikai_r4.pdf
排熱投入型再生器	用語	6	kikai_r4.pdf
接合材	用語	6	kikai_r4.pdf
揚水ポンプ	用語	6	kikai_r4.pdf
摺動部	用語	6	kikai_r4.pdf
放水口	用語	6	kikai_r4.pdf
断水保護制御機能	用語	6	kikai_r4.pdf
施工要領	用語	6	kikai_r4.pdf
既存配管	用語	6	kikai_r4.pdf
昇降案内機器	用語	6	kikai_r4.pdf
最下階	用語	6	kikai_r4.pdf
機械式	用語	6	kikai_r4.pdf
欠相保護装置	用語	6	kikai_r4.pdf
治療用空気	用語	6	kikai_r4.pdf
消防法令	用語	6	kikai_r4.pdf
消防法施行規則第	用語	6	kikai_r4.pdf
液相部	用語	6	kikai_r4.pdf
温度ヒューズ	用語	6	kikai_r4.pdf
温度上昇	用語	6	kikai_r4.pdf
温熱源	用語	6	kikai_r4.pdf
満水試験	用語	6	kikai_r4.pdf
溶液ポンプ	用語	6	kikai_r4.pdf
煙道ダンパー	用語	6	kikai_r4.pdf
照明器具	用語	6	kikai_r4.pdf
熱交換エレメント	用語	6	kikai_r4.pdf
発生材	用語	6	kikai_r4.pdf
積載量	用語	6	kikai_r4.pdf
空調用ポンプ	用語	6	kikai_r4.pdf
空調用密閉形隔膜式膨張タンク	用語	6	kikai_r4.pdf
箇所以上	用語	6	kikai_r4.pdf
管用テーパ	用語	6	kikai_r4.pdf
管端防食管継手	用語	6	kikai_r4.pdf
簡易ボイラー	用語	6	kikai_r4.pdf
簡易貫流ボイラー	用語	6	kikai_r4.pdf
粉体塗装	用語	6	kikai_r4.pdf
給排水衛生設備工事	用語	6	kikai_r4.pdf
給水ポンプ	用語	6	kikai_r4.pdf
給水栓	用語	6	kikai_r4.pdf
絶縁抵抗値	用語	6	kikai_r4.pdf
緩衝器	用語	6	kikai_r4.pdf
缶体内	用語	6	kikai_r4.pdf
自動制御機器	用語	6	kikai_r4.pdf
自立形	用語	6	kikai_r4.pdf
荷電部	用語	6	kikai_r4.pdf
蒸気給気管	用語	6	kikai_r4.pdf
蒸気還管	用語	6	kikai_r4.pdf
設計用震度	用語	6	kikai_r4.pdf
設計風量	用語	6	kikai_r4.pdf
誤接続	用語	6	kikai_r4.pdf
走行中	用語	6	kikai_r4.pdf
軸継手保護カバー	用語	6	kikai_r4.pdf
通気口	用語	6	kikai_r4.pdf
連動制御	用語	6	kikai_r4.pdf
連携制御	用語	6	kikai_r4.pdf
運転台数	用語	6	kikai_r4.pdf
配管内	用語	6	kikai_r4.pdf
配管完了後	用語	6	kikai_r4.pdf
金属製可	用語	6	kikai_r4.pdf
鋼板製一体形タンク	用語	6	kikai_r4.pdf
長方形ダクト	用語	6	kikai_r4.pdf
開放形	用語	6	kikai_r4.pdf
間接的	用語	6	kikai_r4.pdf
階以上	用語	6	kikai_r4.pdf
電動機直結形	用語	6	kikai_r4.pdf
電気保安技術者	用語	6	kikai_r4.pdf
電気工作物	用語	6	kikai_r4.pdf
電気融着接合	用語	6	kikai_r4.pdf
電源用端子台	用語	6	kikai_r4.pdf
電源表示灯	用語	6	kikai_r4.pdf
電磁弁	用語	6	kikai_r4.pdf
駆動部	用語	6	kikai_r4.pdf
高圧冷媒	用語	6	kikai_r4.pdf
高温水	用語	6	kikai_r4.pdf
麻酔ガス排除	用語	6	kikai_r4.pdf
アルミガラス	用語	5	kikai_r4.pdf
インサート金物	用語	5	kikai_r4.pdf
エアリフトポンプ	用語	5	kikai_r4.pdf
エポキシ樹脂ライニング	用語	5	kikai_r4.pdf
エポキシ樹脂塗装	用語	5	kikai_r4.pdf
エレベーター用ケーブル	用語	5	kikai_r4.pdf
カナ文字	用語	5	kikai_r4.pdf
カラーパイプ	用語	5	kikai_r4.pdf
ガス式	用語	5	kikai_r4.pdf
ガス管	用語	5	kikai_r4.pdf
グラスウール保温材	用語	5	kikai_r4.pdf
グリスフィルター	用語	5	kikai_r4.pdf
グリス除去装置	用語	5	kikai_r4.pdf
ケーブルラック	用語	5	kikai_r4.pdf
コンクリート工事	用語	5	kikai_r4.pdf
ゴムシート	用語	5	kikai_r4.pdf
ゴム輪接合	用語	5	kikai_r4.pdf
スクリュー冷凍機	用語	5	kikai_r4.pdf
スクリュー圧縮機	用語	5	kikai_r4.pdf
スプリンクラー	用語	5	kikai_r4.pdf
セクション	用語	5	kikai_r4.pdf
ドレン抜	用語	5	kikai_r4.pdf
ハンドレール	用語	5	kikai_r4.pdf
バスダクト	用語	5	kikai_r4.pdf
バタフライ弁	用語	5	kikai_r4.pdf
バックアップスケジュール機能	用語	5	kikai_r4.pdf
バックハンガー	用語	5	kikai_r4.pdf
バルブ類	用語	5	kikai_r4.pdf
パネル形	用語	5	kikai_r4.pdf
フィンガード	用語	5	kikai_r4.pdf
フラット形	用語	5	kikai_r4.pdf
フランジ形スイング逆止	用語	5	kikai_r4.pdf
フランジ接続	用語	5	kikai_r4.pdf
フート弁	用語	5	kikai_r4.pdf
ブザー	用語	5	kikai_r4.pdf
ブチルゴム	用語	5	kikai_r4.pdf
ブライン	用語	5	kikai_r4.pdf
ブルドン管圧力計	用語	5	kikai_r4.pdf
プランジャ	用語	5	kikai_r4.pdf
プレート	用語	5	kikai_r4.pdf
ボルト組立形	用語	5	kikai_r4.pdf
ポリエチレンフィルム	用語	5	kikai_r4.pdf
ポリブテン管	用語	5	kikai_r4.pdf
マシンベッド	用語	5	kikai_r4.pdf
ローカル運転	用語	5	kikai_r4.pdf
ロータ	用語	5	kikai_r4.pdf
一工程	用語	5	kikai_r4.pdf
三方枠	用語	5	kikai_r4.pdf
上記保温板	用語	5	kikai_r4.pdf
中央監視装置異常時	用語	5	kikai_r4.pdf
中央管理室	用語	5	kikai_r4.pdf
亜酸化窒素	用語	5	kikai_r4.pdf
人造鉱物繊維保温材	用語	5	kikai_r4.pdf
付着量	用語	5	kikai_r4.pdf
低水位燃焼遮断装置	用語	5	kikai_r4.pdf
使用圧力	用語	5	kikai_r4.pdf
使用温度	用語	5	kikai_r4.pdf
保温化粧ケース	用語	5	kikai_r4.pdf
保護継電器	用語	5	kikai_r4.pdf
内部点検	用語	5	kikai_r4.pdf
円筒若	用語	5	kikai_r4.pdf
円錐状	用語	5	kikai_r4.pdf
再資源化	用語	5	kikai_r4.pdf
冷却水ポンプ	用語	5	kikai_r4.pdf
冷却水入口温度	用語	5	kikai_r4.pdf
冷媒液	用語	5	kikai_r4.pdf
冷水ポンプ	用語	5	kikai_r4.pdf
凝縮圧力	用語	5	kikai_r4.pdf
副表示装置	用語	5	kikai_r4.pdf
単板パネル	用語	5	kikai_r4.pdf
厨房機器	用語	5	kikai_r4.pdf
取付面	用語	5	kikai_r4.pdf
取付高	用語	5	kikai_r4.pdf
台以上	用語	5	kikai_r4.pdf
台数制御	用語	5	kikai_r4.pdf
合成樹脂製可	用語	5	kikai_r4.pdf
同規則	用語	5	kikai_r4.pdf
同項第	用語	5	kikai_r4.pdf
吸収冷凍機	用語	5	kikai_r4.pdf
吸込口ボックス	用語	5	kikai_r4.pdf
回転速度	用語	5	kikai_r4.pdf
圧力上昇	用語	5	kikai_r4.pdf
圧力容器構造規格	用語	5	kikai_r4.pdf
圧力発信器	用語	5	kikai_r4.pdf
塔本体	用語	5	kikai_r4.pdf
多管形熱交換器	用語	5	kikai_r4.pdf
安全確保	用語	5	kikai_r4.pdf
実験値	用語	5	kikai_r4.pdf
室内温度	用語	5	kikai_r4.pdf
容量制御	用語	5	kikai_r4.pdf
容量制御機構	用語	5	kikai_r4.pdf
密閉形	用語	5	kikai_r4.pdf
対震自動消火装置	用語	5	kikai_r4.pdf
小勢力回路	用語	5	kikai_r4.pdf
小形給水ポンプユニット	用語	5	kikai_r4.pdf
屋内オイルタンク	用語	5	kikai_r4.pdf
屋外消火栓箱	用語	5	kikai_r4.pdf
工事関係図書	用語	5	kikai_r4.pdf
差込式	用語	5	kikai_r4.pdf
床暖房	用語	5	kikai_r4.pdf
当該建物	用語	5	kikai_r4.pdf
戸開ボタン	用語	5	kikai_r4.pdf
技能士	用語	5	kikai_r4.pdf
押出形材	用語	5	kikai_r4.pdf
掃除流	用語	5	kikai_r4.pdf
排水トラップ	用語	5	kikai_r4.pdf
排水用	用語	5	kikai_r4.pdf
排煙機	用語	5	kikai_r4.pdf
排熱熱交換器	用語	5	kikai_r4.pdf
接触材	用語	5	kikai_r4.pdf
換気用エアフィルタユニット	用語	5	kikai_r4.pdf
換気設備用ダクト	用語	5	kikai_r4.pdf
操作部	用語	5	kikai_r4.pdf
支持材	用語	5	kikai_r4.pdf
放水用器具格納箱	用語	5	kikai_r4.pdf
施工方法	用語	5	kikai_r4.pdf
施工範囲	用語	5	kikai_r4.pdf
施工順序	用語	5	kikai_r4.pdf
日本ガス機器検査協会	用語	5	kikai_r4.pdf
昇降機技術基準	用語	5	kikai_r4.pdf
暖房能力	用語	5	kikai_r4.pdf
最大寸法	用語	5	kikai_r4.pdf
最小呼	用語	5	kikai_r4.pdf
有機質亜鉛末塗料	用語	5	kikai_r4.pdf
本タンク	用語	5	kikai_r4.pdf
板自体	用語	5	kikai_r4.pdf
検出器	用語	5	kikai_r4.pdf
検査圧力	用語	5	kikai_r4.pdf
構成部材	用語	5	kikai_r4.pdf
構造体	用語	5	kikai_r4.pdf
構造部分	用語	5	kikai_r4.pdf
機器振	用語	5	kikai_r4.pdf
機器本体	用語	5	kikai_r4.pdf
気密試験値	用語	5	kikai_r4.pdf
気方式	用語	5	kikai_r4.pdf
水平方向	用語	5	kikai_r4.pdf
水面計用ガラス	用語	5	kikai_r4.pdf
油タンク	用語	5	kikai_r4.pdf
泡消火薬剤	用語	5	kikai_r4.pdf
浸透探傷検査	用語	5	kikai_r4.pdf
消火剤	用語	5	kikai_r4.pdf
消火栓	用語	5	kikai_r4.pdf
消火管	用語	5	kikai_r4.pdf
消防用ホース	用語	5	kikai_r4.pdf
消音内貼	用語	5	kikai_r4.pdf
液面計	用語	5	kikai_r4.pdf
温度変化	用語	5	kikai_r4.pdf
温水洗浄便座	用語	5	kikai_r4.pdf
準耐火構造	用語	5	kikai_r4.pdf
溶接工	用語	5	kikai_r4.pdf
溶接組立形	用語	5	kikai_r4.pdf
溶接面	用語	5	kikai_r4.pdf
演算値	用語	5	kikai_r4.pdf
焼物器	用語	5	kikai_r4.pdf
熱交換器用ステンレス鋼鋼管	用語	5	kikai_r4.pdf
異種管	用語	5	kikai_r4.pdf
監視装置	用語	5	kikai_r4.pdf
相フランジ	用語	5	kikai_r4.pdf
省エネルギー	用語	5	kikai_r4.pdf
着色アルミガラス	用語	5	kikai_r4.pdf
秒以内	用語	5	kikai_r4.pdf
秒程度	用語	5	kikai_r4.pdf
空気圧縮機	用語	5	kikai_r4.pdf
管制運転	用語	5	kikai_r4.pdf
簡易ボイラー等構造規格	用語	5	kikai_r4.pdf
給水用	用語	5	kikai_r4.pdf
給水電動弁	用語	5	kikai_r4.pdf
給油装置	用語	5	kikai_r4.pdf
給湯用	用語	5	kikai_r4.pdf
継手形式	用語	5	kikai_r4.pdf
線状欠陥	用語	5	kikai_r4.pdf
耐火二層管	用語	5	kikai_r4.pdf
耐熱性硬質塩化ビニルライニング鋼管用	用語	5	kikai_r4.pdf
耐熱温度	用語	5	kikai_r4.pdf
耐硫酸腐食鋼	用語	5	kikai_r4.pdf
耐食表面処理	用語	5	kikai_r4.pdf
膨張管	用語	5	kikai_r4.pdf
自動抽気装置	用語	5	kikai_r4.pdf
自動水栓	用語	5	kikai_r4.pdf
蓄電池	用語	5	kikai_r4.pdf
表示部	用語	5	kikai_r4.pdf
表面仕上	用語	5	kikai_r4.pdf
表面布	用語	5	kikai_r4.pdf
製パネルタンク	用語	5	kikai_r4.pdf
製一体形タンク	用語	5	kikai_r4.pdf
製造方法	用語	5	kikai_r4.pdf
設置箇所	用語	5	kikai_r4.pdf
設計用鉛直標準震度	用語	5	kikai_r4.pdf
貯湯ユニット	用語	5	kikai_r4.pdf
踏段チェーン	用語	5	kikai_r4.pdf
軸継手	用語	5	kikai_r4.pdf
送水口	用語	5	kikai_r4.pdf
通気配管	用語	5	kikai_r4.pdf
進相コンデンサー	用語	5	kikai_r4.pdf
運転回数	用語	5	kikai_r4.pdf
運転方向	用語	5	kikai_r4.pdf
過装置	用語	5	kikai_r4.pdf
配管共	用語	5	kikai_r4.pdf
配管工事	用語	5	kikai_r4.pdf
配管材料	用語	5	kikai_r4.pdf
配管用鋼製差込	用語	5	kikai_r4.pdf
配線用遮断器	用語	5	kikai_r4.pdf
鉛除去表面処理	用語	5	kikai_r4.pdf
鋼管類	用語	5	kikai_r4.pdf
鋼製弁	用語	5	kikai_r4.pdf
閉鎖型スプリンクラーヘッド	用語	5	kikai_r4.pdf
防煙ダンパー	用語	5	kikai_r4.pdf
階建以上	用語	5	kikai_r4.pdf
電動弁	用語	5	kikai_r4.pdf
電気式床暖房	用語	5	kikai_r4.pdf
電源用コード	用語	5	kikai_r4.pdf
露出形	用語	5	kikai_r4.pdf
非常運転時	用語	5	kikai_r4.pdf
風量調節ダンパー	用語	5	kikai_r4.pdf
飛散防止	用語	5	kikai_r4.pdf
食器洗浄機	用語	5	kikai_r4.pdf
高調波対策	用語	5	kikai_r4.pdf
黒心可鍛鋳鉄	用語	5	kikai_r4.pdf
アクリル系	用語	4	kikai_r4.pdf
アルミニウム合金鋳物	用語	4	kikai_r4.pdf
アルミニウム押出形材	用語	4	kikai_r4.pdf
インバーター制御方式	用語	4	kikai_r4.pdf
インバーター用制御盤	用語	4	kikai_r4.pdf
インバート桝	用語	4	kikai_r4.pdf
ウェーブ形	用語	4	kikai_r4.pdf
エゼクター方式	用語	4	kikai_r4.pdf
エポキシ系樹脂被膜	用語	4	kikai_r4.pdf
エレメント	用語	4	kikai_r4.pdf
オイルバーナー	用語	4	kikai_r4.pdf
オーブン	用語	4	kikai_r4.pdf
オーブン形	用語	4	kikai_r4.pdf
カプラ	用語	4	kikai_r4.pdf
カーボン	用語	4	kikai_r4.pdf
ガステーブル	用語	4	kikai_r4.pdf
ガス圧式	用語	4	kikai_r4.pdf
ガス湯沸器	用語	4	kikai_r4.pdf
ガス量	用語	4	kikai_r4.pdf
ガラス管	用語	4	kikai_r4.pdf
ゲージ圧	用語	4	kikai_r4.pdf
コンクリート基礎	用語	4	kikai_r4.pdf
コンベクター	用語	4	kikai_r4.pdf
コーム	用語	4	kikai_r4.pdf
ゴムリング	用語	4	kikai_r4.pdf
ゴム輪	用語	4	kikai_r4.pdf
サクションカバー	用語	4	kikai_r4.pdf
システム全体	用語	4	kikai_r4.pdf
スクリーン本体	用語	4	kikai_r4.pdf
スクロール圧縮機	用語	4	kikai_r4.pdf
ステンレス	用語	4	kikai_r4.pdf
ステンレス鋳鋼製	用語	4	kikai_r4.pdf
ステンレス鋼管継手	用語	4	kikai_r4.pdf
ステンレス鋼製ボルト	用語	4	kikai_r4.pdf
スペース	用語	4	kikai_r4.pdf
スリット形	用語	4	kikai_r4.pdf
セパレータ	用語	4	kikai_r4.pdf
タンク外	用語	4	kikai_r4.pdf
ダイヤフラム	用語	4	kikai_r4.pdf
ダイヤフラム式	用語	4	kikai_r4.pdf
ダクト形	用語	4	kikai_r4.pdf
テープ状	用語	4	kikai_r4.pdf
デスクトップ形	用語	4	kikai_r4.pdf
ドア裏面	用語	4	kikai_r4.pdf
ドレン抜コック	用語	4	kikai_r4.pdf
バルク貯槽	用語	4	kikai_r4.pdf
バンド	用語	4	kikai_r4.pdf
パネルラジエーター	用語	4	kikai_r4.pdf
ヒートポンプ給湯機	用語	4	kikai_r4.pdf
ビニルテープ部	用語	4	kikai_r4.pdf
ビニル絶縁電線	用語	4	kikai_r4.pdf
ピアノ線	用語	4	kikai_r4.pdf
ピット	用語	4	kikai_r4.pdf
フィン形状	用語	4	kikai_r4.pdf
フランジ付ポリエチレン粉体ライニング鋼管	用語	4	kikai_r4.pdf
フランジ付硬質塩化ビニルライニング鋼管	用語	4	kikai_r4.pdf
フランジ形内	用語	4	kikai_r4.pdf
プレス成形	用語	4	kikai_r4.pdf
プレフィルター	用語	4	kikai_r4.pdf
プレートフィン	用語	4	kikai_r4.pdf
ホルダー	用語	4	kikai_r4.pdf
ボールタップ接続口	用語	4	kikai_r4.pdf
ボールタップ用防波板	用語	4	kikai_r4.pdf
マーキング	用語	4	kikai_r4.pdf
メラミン樹脂焼付	用語	4	kikai_r4.pdf
モジュール形	用語	4	kikai_r4.pdf
モルタル塗	用語	4	kikai_r4.pdf
ユニットヒーター	用語	4	kikai_r4.pdf
ライニング	用語	4	kikai_r4.pdf
ルーバー形	用語	4	kikai_r4.pdf
レールブラケット	用語	4	kikai_r4.pdf
レール支持部材	用語	4	kikai_r4.pdf
ロータリー圧縮機	用語	4	kikai_r4.pdf
ロープ	用語	4	kikai_r4.pdf
ロープ式エレベーター	用語	4	kikai_r4.pdf
ローボイ形	用語	4	kikai_r4.pdf
ワイヤロープ	用語	4	kikai_r4.pdf
一斉開放弁	用語	4	kikai_r4.pdf
一般配管用ステンレス鋼製突合	用語	4	kikai_r4.pdf
不凝縮ガス	用語	4	kikai_r4.pdf
中間階以下	用語	4	kikai_r4.pdf
中間階超	用語	4	kikai_r4.pdf
丸五徳型	用語	4	kikai_r4.pdf
乗降ロビー	用語	4	kikai_r4.pdf
二重効用	用語	4	kikai_r4.pdf
亜鉛合金ダイカスト	用語	4	kikai_r4.pdf
人命安全	用語	4	kikai_r4.pdf
人荷共用	用語	4	kikai_r4.pdf
以上厚	用語	4	kikai_r4.pdf
低圧開閉装置	用語	4	kikai_r4.pdf
低温溶液熱交換器	用語	4	kikai_r4.pdf
低真空	用語	4	kikai_r4.pdf
作業台	用語	4	kikai_r4.pdf
使用目的	用語	4	kikai_r4.pdf
使用者	用語	4	kikai_r4.pdf
保存データ	用語	4	kikai_r4.pdf
保持量	用語	4	kikai_r4.pdf
保護筒	用語	4	kikai_r4.pdf
傾斜角度	用語	4	kikai_r4.pdf
充塡材	用語	4	kikai_r4.pdf
全体荷重	用語	4	kikai_r4.pdf
全熱交換器	用語	4	kikai_r4.pdf
全面五徳型	用語	4	kikai_r4.pdf
全面水冷壁形構造	用語	4	kikai_r4.pdf
内外面	用語	4	kikai_r4.pdf
内専用操作盤	用語	4	kikai_r4.pdf
円形状欠陥	用語	4	kikai_r4.pdf
冷媒配管	用語	4	kikai_r4.pdf
冷温水用	用語	4	kikai_r4.pdf
出入口	用語	4	kikai_r4.pdf
切替式	用語	4	kikai_r4.pdf
初期圧力損失	用語	4	kikai_r4.pdf
初期粒子捕集率	用語	4	kikai_r4.pdf
制振構造	用語	4	kikai_r4.pdf
加熱硬化	用語	4	kikai_r4.pdf
効率良	用語	4	kikai_r4.pdf
動作試験	用語	4	kikai_r4.pdf
化粧板	用語	4	kikai_r4.pdf
半径以上	用語	4	kikai_r4.pdf
単独設置	用語	4	kikai_r4.pdf
取付要領	用語	4	kikai_r4.pdf
受口内面	用語	4	kikai_r4.pdf
合成樹脂製防虫網付	用語	4	kikai_r4.pdf
同法施行令第	用語	4	kikai_r4.pdf
吐出管	用語	4	kikai_r4.pdf
吸引供給装置	用語	4	kikai_r4.pdf
吸引部	用語	4	kikai_r4.pdf
吸込温度	用語	4	kikai_r4.pdf
吹出部	用語	4	kikai_r4.pdf
和風便器	用語	4	kikai_r4.pdf
回路保護装置	用語	4	kikai_r4.pdf
回転形全熱交換器	用語	4	kikai_r4.pdf
回転時	用語	4	kikai_r4.pdf
固定可能	用語	4	kikai_r4.pdf
固定式	用語	4	kikai_r4.pdf
固定金具	用語	4	kikai_r4.pdf
圧力タンク	用語	4	kikai_r4.pdf
地中埋設標	用語	4	kikai_r4.pdf
地中熱交換井	用語	4	kikai_r4.pdf
地業工事	用語	4	kikai_r4.pdf
地震時管制運転	用語	4	kikai_r4.pdf
埃粒子	用語	4	kikai_r4.pdf
埋蔵文化財	用語	4	kikai_r4.pdf
基盤上	用語	4	kikai_r4.pdf
塗装色	用語	4	kikai_r4.pdf
壁取付式アウトレット	用語	4	kikai_r4.pdf
変流量	用語	4	kikai_r4.pdf
外側板	用語	4	kikai_r4.pdf
外気負荷用コイル側	用語	4	kikai_r4.pdf
外装材	用語	4	kikai_r4.pdf
外観検査	用語	4	kikai_r4.pdf
外部見	用語	4	kikai_r4.pdf
外部記憶媒体	用語	4	kikai_r4.pdf
外面被覆鋼管	用語	4	kikai_r4.pdf
大便器ユニット	用語	4	kikai_r4.pdf
天井パネル	用語	4	kikai_r4.pdf
天井隠	用語	4	kikai_r4.pdf
始動装置	用語	4	kikai_r4.pdf
安全スイッチ	用語	4	kikai_r4.pdf
定格消費電力	用語	4	kikai_r4.pdf
定風量ユニット	用語	4	kikai_r4.pdf
実務指針	用語	4	kikai_r4.pdf
容量制御装置	用語	4	kikai_r4.pdf
導入部	用語	4	kikai_r4.pdf
小便器	用語	4	kikai_r4.pdf
小便器用節水装置	用語	4	kikai_r4.pdf
小形渦巻ポンプ	用語	4	kikai_r4.pdf
屋内消火栓箱	用語	4	kikai_r4.pdf
屋内隠	用語	4	kikai_r4.pdf
屋外用	用語	4	kikai_r4.pdf
工事現場外	用語	4	kikai_r4.pdf
工事目的物	用語	4	kikai_r4.pdf
工場製品	用語	4	kikai_r4.pdf
希釈運転	用語	4	kikai_r4.pdf
常用圧力	用語	4	kikai_r4.pdf
平常運転	用語	4	kikai_r4.pdf
床置露出形	用語	4	kikai_r4.pdf
床部分	用語	4	kikai_r4.pdf
建築用薄物材料	用語	4	kikai_r4.pdf
式鋳鉄製管継手	用語	4	kikai_r4.pdf
引張強	用語	4	kikai_r4.pdf
弾性支持	用語	4	kikai_r4.pdf
当該施設	用語	4	kikai_r4.pdf
当該階	用語	4	kikai_r4.pdf
形便器	用語	4	kikai_r4.pdf
形鋼製	用語	4	kikai_r4.pdf
循環装置	用語	4	kikai_r4.pdf
必要台数	用語	4	kikai_r4.pdf
性能表	用語	4	kikai_r4.pdf
性能試験	用語	4	kikai_r4.pdf
戸閉ボタン	用語	4	kikai_r4.pdf
所轄消防署	用語	4	kikai_r4.pdf
手動エア抜弁	用語	4	kikai_r4.pdf
承諾図	用語	4	kikai_r4.pdf
指示ボックス	用語	4	kikai_r4.pdf
排ガス	用語	4	kikai_r4.pdf
排水ポンプ	用語	4	kikai_r4.pdf
排水勾配	用語	4	kikai_r4.pdf
排水管接続口	用語	4	kikai_r4.pdf
排水金具	用語	4	kikai_r4.pdf
接水部	用語	4	kikai_r4.pdf
接触面	用語	4	kikai_r4.pdf
揚水井	用語	4	kikai_r4.pdf
揚物器	用語	4	kikai_r4.pdf
搬送流体	用語	4	kikai_r4.pdf
放射形放熱器	用語	4	kikai_r4.pdf
故障防止装置	用語	4	kikai_r4.pdf
文字盤	用語	4	kikai_r4.pdf
施工標準	用語	4	kikai_r4.pdf
施工管理	用語	4	kikai_r4.pdf
施錠式	用語	4	kikai_r4.pdf
日本エレベーター協会標準	用語	4	kikai_r4.pdf
昇降路	用語	4	kikai_r4.pdf
昇降路内機器	用語	4	kikai_r4.pdf
易操作性	用語	4	kikai_r4.pdf
暖房用自然対流	用語	4	kikai_r4.pdf
材外枠	用語	4	kikai_r4.pdf
架橋ポリエチレン管	用語	4	kikai_r4.pdf
標準クラス	用語	4	kikai_r4.pdf
標線位置	用語	4	kikai_r4.pdf
機器運転時	用語	4	kikai_r4.pdf
機外静圧	用語	4	kikai_r4.pdf
機能回復	用語	4	kikai_r4.pdf
欄干柱	用語	4	kikai_r4.pdf
止水栓附属	用語	4	kikai_r4.pdf
気圧試験圧力	用語	4	kikai_r4.pdf
気装置	用語	4	kikai_r4.pdf
水中ケーブル	用語	4	kikai_r4.pdf
水圧試験圧力	用語	4	kikai_r4.pdf
水平距離	用語	4	kikai_r4.pdf
水平震度	用語	4	kikai_r4.pdf
水洗浄	用語	4	kikai_r4.pdf
水準器	用語	4	kikai_r4.pdf
水用コイル	用語	4	kikai_r4.pdf
水配管	用語	4	kikai_r4.pdf
氷蓄熱用	用語	4	kikai_r4.pdf
汚物用	用語	4	kikai_r4.pdf
油加熱器	用語	4	kikai_r4.pdf
活性炭吸着方式	用語	4	kikai_r4.pdf
消火用充水タンク	用語	4	kikai_r4.pdf
液化石油ガス器具	用語	4	kikai_r4.pdf
液晶ディスプレイ	用語	4	kikai_r4.pdf
液滴分離装置	用語	4	kikai_r4.pdf
減圧弁	用語	4	kikai_r4.pdf
減圧調整	用語	4	kikai_r4.pdf
減速機	用語	4	kikai_r4.pdf
温水式床暖房	用語	4	kikai_r4.pdf
湿度制御	用語	4	kikai_r4.pdf
溢水面下	用語	4	kikai_r4.pdf
潜熱回収型給湯器	用語	4	kikai_r4.pdf
火力発電所	用語	4	kikai_r4.pdf
点検パネル	用語	4	kikai_r4.pdf
点検用	用語	4	kikai_r4.pdf
熱媒水温度	用語	4	kikai_r4.pdf
熱媒水温度計	用語	4	kikai_r4.pdf
燃焼安全制御装置	用語	4	kikai_r4.pdf
燃焼機器	用語	4	kikai_r4.pdf
特性試験	用語	4	kikai_r4.pdf
現場施工型	用語	4	kikai_r4.pdf
用途別	用語	4	kikai_r4.pdf
発熱シート	用語	4	kikai_r4.pdf
発電機	用語	4	kikai_r4.pdf
目標値	用語	4	kikai_r4.pdf
直読式	用語	4	kikai_r4.pdf
真空ポンプ	用語	4	kikai_r4.pdf
真空ポンプ方式	用語	4	kikai_r4.pdf
真空計	用語	4	kikai_r4.pdf
砂利充塡	用語	4	kikai_r4.pdf
積算値	用語	4	kikai_r4.pdf
空気圧試験	用語	4	kikai_r4.pdf
空気洗浄	用語	4	kikai_r4.pdf
空気熱源蒸発器兼空冷式凝縮器	用語	4	kikai_r4.pdf
空気調和設備工事	用語	4	kikai_r4.pdf
端子盤	用語	4	kikai_r4.pdf
端子符号	用語	4	kikai_r4.pdf
管端部	用語	4	kikai_r4.pdf
管継手性能基準	用語	4	kikai_r4.pdf
級以上	用語	4	kikai_r4.pdf
給水栓用配管	用語	4	kikai_r4.pdf
給湯用密閉形隔膜式膨張タンク	用語	4	kikai_r4.pdf
絶縁継手	用語	4	kikai_r4.pdf
維持管理	用語	4	kikai_r4.pdf
総合形	用語	4	kikai_r4.pdf
緩衝材	用語	4	kikai_r4.pdf
繊維系クロス	用語	4	kikai_r4.pdf
耐電圧試験	用語	4	kikai_r4.pdf
耐震安全性分類	用語	4	kikai_r4.pdf
耐震支持材	用語	4	kikai_r4.pdf
自動リセット	用語	4	kikai_r4.pdf
自動切換装置	用語	4	kikai_r4.pdf
自動巻取形エアフィルター	用語	4	kikai_r4.pdf
自動放送装置	用語	4	kikai_r4.pdf
自動溶接	用語	4	kikai_r4.pdf
自動運転	用語	4	kikai_r4.pdf
荒目スクリーン	用語	4	kikai_r4.pdf
薬液タンク	用語	4	kikai_r4.pdf
行政機関	用語	4	kikai_r4.pdf
表示灯付	用語	4	kikai_r4.pdf
補助記憶装置	用語	4	kikai_r4.pdf
補給水管	用語	4	kikai_r4.pdf
補給水電動弁	用語	4	kikai_r4.pdf
補給水電磁弁	用語	4	kikai_r4.pdf
設備システム	用語	4	kikai_r4.pdf
試験用ガス	用語	4	kikai_r4.pdf
試験終了圧力損失	用語	4	kikai_r4.pdf
資機材	用語	4	kikai_r4.pdf
起動用ガス	用語	4	kikai_r4.pdf
起動用ガス容器	用語	4	kikai_r4.pdf
起動用圧力タンク	用語	4	kikai_r4.pdf
超硬合金	用語	4	kikai_r4.pdf
返油管	用語	4	kikai_r4.pdf
通信機能	用語	4	kikai_r4.pdf
通水試験	用語	4	kikai_r4.pdf
運転操作方式	用語	4	kikai_r4.pdf
運転時間	用語	4	kikai_r4.pdf
過電流	用語	4	kikai_r4.pdf
遠心圧縮機	用語	4	kikai_r4.pdf
部分的	用語	4	kikai_r4.pdf
都市ガス	用語	4	kikai_r4.pdf
配管材	用語	4	kikai_r4.pdf
配管気密試験	用語	4	kikai_r4.pdf
配管用	用語	4	kikai_r4.pdf
配線終端箱	用語	4	kikai_r4.pdf
金属ダク	用語	4	kikai_r4.pdf
金属材料	用語	4	kikai_r4.pdf
鋳鉄製品	用語	4	kikai_r4.pdf
鋳鉄製真空式温水発生機	用語	4	kikai_r4.pdf
鋳鉄製管フランジ	用語	4	kikai_r4.pdf
鋳鋼製	用語	4	kikai_r4.pdf
鋼板製タンク	用語	4	kikai_r4.pdf
鋼板製煙道	用語	4	kikai_r4.pdf
鋼製ビス	用語	4	kikai_r4.pdf
鋼鋼材	用語	4	kikai_r4.pdf
長期荷重	用語	4	kikai_r4.pdf
開放形膨張タンク	用語	4	kikai_r4.pdf
開閉弁	用語	4	kikai_r4.pdf
開閉装置付	用語	4	kikai_r4.pdf
関係者	用語	4	kikai_r4.pdf
防振架台	用語	4	kikai_r4.pdf
附属機器	用語	4	kikai_r4.pdf
離隔距離	用語	4	kikai_r4.pdf
電子式	用語	4	kikai_r4.pdf
電極保持器	用語	4	kikai_r4.pdf
電極取付座	用語	4	kikai_r4.pdf
電極棒用防波筒	用語	4	kikai_r4.pdf
電気信号	用語	4	kikai_r4.pdf
電気用品安全法	用語	4	kikai_r4.pdf
電流計	用語	4	kikai_r4.pdf
電源装置	用語	4	kikai_r4.pdf
電線管用附属品	用語	4	kikai_r4.pdf
露出面	用語	4	kikai_r4.pdf
非再生式	用語	4	kikai_r4.pdf
非常用エレベーター	用語	4	kikai_r4.pdf
非常着床用出入口	用語	4	kikai_r4.pdf
飲料水	用語	4	kikai_r4.pdf
高性能	用語	4	kikai_r4.pdf
高真空	用語	4	kikai_r4.pdf
アナログ表示	用語	3	kikai_r4.pdf
アミノアルキド樹脂塗料	用語	3	kikai_r4.pdf
アルミガラスクロ	用語	3	kikai_r4.pdf
アルミガラスクロス化粧保温板	用語	3	kikai_r4.pdf
アルミガラスクロス化粧波形保温板	用語	3	kikai_r4.pdf
アルミガラスクロス粘着テープ	用語	3	kikai_r4.pdf
アルミガラス化粧原紙	用語	3	kikai_r4.pdf
アルミニウムペイント	用語	3	kikai_r4.pdf
アルミニウム材製	用語	3	kikai_r4.pdf
アンダーカット	用語	3	kikai_r4.pdf
インクジェット方式	用語	3	kikai_r4.pdf
インジケータ	用語	3	kikai_r4.pdf
インターホン通則	用語	3	kikai_r4.pdf
ウェハー形逆止	用語	3	kikai_r4.pdf
エレベーター監視盤	用語	3	kikai_r4.pdf
オイルタンク	用語	3	kikai_r4.pdf
オーバーラップ	用語	3	kikai_r4.pdf
ガイド	用語	3	kikai_r4.pdf
ガイドレール	用語	3	kikai_r4.pdf
ガス別特定	用語	3	kikai_r4.pdf
ガス別特定迅速継手式	用語	3	kikai_r4.pdf
ガス工作物	用語	3	kikai_r4.pdf
ガス用品	用語	3	kikai_r4.pdf
ガラスクロス化粧保温板	用語	3	kikai_r4.pdf
キャップ	用語	3	kikai_r4.pdf
クッションパッキン付	用語	3	kikai_r4.pdf
クランプ	用語	3	kikai_r4.pdf
クレーター	用語	3	kikai_r4.pdf
グランドパッキン	用語	3	kikai_r4.pdf
グリス付着率	用語	3	kikai_r4.pdf
ゲージ	用語	3	kikai_r4.pdf
コンクリート製	用語	3	kikai_r4.pdf
コンクリート部	用語	3	kikai_r4.pdf
コンセント	用語	3	kikai_r4.pdf
コーナー金具	用語	3	kikai_r4.pdf
サンドイッチ構造	用語	3	kikai_r4.pdf
サンドペーパー	用語	3	kikai_r4.pdf
システム構成	用語	3	kikai_r4.pdf
シャッター	用語	3	kikai_r4.pdf
ショートサーキット	用語	3	kikai_r4.pdf
シート状	用語	3	kikai_r4.pdf
シーリング	用語	3	kikai_r4.pdf
ジャケットタイプ	用語	3	kikai_r4.pdf
ジョイントシート	用語	3	kikai_r4.pdf
スイッチ類	用語	3	kikai_r4.pdf
スイング逆止	用語	3	kikai_r4.pdf
ステンレス形鋼製	用語	3	kikai_r4.pdf
ステンレス鋳物製	用語	3	kikai_r4.pdf
ステンレス鋼	用語	3	kikai_r4.pdf
ストレート形	用語	3	kikai_r4.pdf
スプレーノズル式	用語	3	kikai_r4.pdf
スポット溶接	用語	3	kikai_r4.pdf
スリーブ形	用語	3	kikai_r4.pdf
セメント	用語	3	kikai_r4.pdf
セラミック	用語	3	kikai_r4.pdf
センサー	用語	3	kikai_r4.pdf
セーフティシュー	用語	3	kikai_r4.pdf
タンク内面	用語	3	kikai_r4.pdf
タンク外部	用語	3	kikai_r4.pdf
ダイレクトデジタルコントローラ	用語	3	kikai_r4.pdf
ダクトシャフト内	用語	3	kikai_r4.pdf
ダクト径	用語	3	kikai_r4.pdf
ダクト用材料	用語	3	kikai_r4.pdf
デシカント空気調和機	用語	3	kikai_r4.pdf
トラップ	用語	3	kikai_r4.pdf
トルク	用語	3	kikai_r4.pdf
トレー式	用語	3	kikai_r4.pdf
ナイロン	用語	3	kikai_r4.pdf
ナイロンコーティング鋼管	用語	3	kikai_r4.pdf
ハロゲン化物消火配管	用語	3	kikai_r4.pdf
バックアップ材	用語	3	kikai_r4.pdf
バルブ付	用語	3	kikai_r4.pdf
パッケージ形空気調和機屋内機	用語	3	kikai_r4.pdf
ヒートポンプユニット	用語	3	kikai_r4.pdf
ピストンレリーザー	用語	3	kikai_r4.pdf
フランジ取付	用語	3	kikai_r4.pdf
フランジ形ボール弁	用語	3	kikai_r4.pdf
フランジ施工例	用語	3	kikai_r4.pdf
フランジ用カラー	用語	3	kikai_r4.pdf
フランジ部	用語	3	kikai_r4.pdf
フレキシブルダクト	用語	3	kikai_r4.pdf
フレキ管継手	用語	3	kikai_r4.pdf
フレーム	用語	3	kikai_r4.pdf
フロート式	用語	3	kikai_r4.pdf
ブライン温度	用語	3	kikai_r4.pdf
ブラケット	用語	3	kikai_r4.pdf
ブレーキディスク	用語	3	kikai_r4.pdf
ブレーキドラム	用語	3	kikai_r4.pdf
ブレーキ装置	用語	3	kikai_r4.pdf
ブロワ	用語	3	kikai_r4.pdf
プライマー	用語	3	kikai_r4.pdf
ベース	用語	3	kikai_r4.pdf
ペトロラタム	用語	3	kikai_r4.pdf
ペトロラタム系	用語	3	kikai_r4.pdf
ホルムアルデヒド放散量	用語	3	kikai_r4.pdf
ボイラー給水ポンプ	用語	3	kikai_r4.pdf
ボルト穴	用語	3	kikai_r4.pdf
ボール	用語	3	kikai_r4.pdf
ボールタップ	用語	3	kikai_r4.pdf
ポリエチレンテープ	用語	3	kikai_r4.pdf
ポリスチレン	用語	3	kikai_r4.pdf
ポリスチレンフォーム保温筒	用語	3	kikai_r4.pdf
ポンプ吐出側	用語	3	kikai_r4.pdf
マスチック	用語	3	kikai_r4.pdf
マルチパッケージ形	用語	3	kikai_r4.pdf
マーク	用語	3	kikai_r4.pdf
ライザー	用語	3	kikai_r4.pdf
ランプ	用語	3	kikai_r4.pdf
リセット	用語	3	kikai_r4.pdf
リモコン	用語	3	kikai_r4.pdf
レディーミクストコンクリート	用語	3	kikai_r4.pdf
ロックウールフェルト	用語	3	kikai_r4.pdf
ロータリー式	用語	3	kikai_r4.pdf
ローテーション	用語	3	kikai_r4.pdf
ローラチェーン	用語	3	kikai_r4.pdf
一括管理	用語	3	kikai_r4.pdf
一次側	用語	3	kikai_r4.pdf
一般構造用軽量形鋼	用語	3	kikai_r4.pdf
一般用ペーストシール剤	用語	3	kikai_r4.pdf
一般用弁	用語	3	kikai_r4.pdf
一面設	用語	3	kikai_r4.pdf
三次処理脱窒	用語	3	kikai_r4.pdf
上流側	用語	3	kikai_r4.pdf
不凍水栓柱	用語	3	kikai_r4.pdf
不合格	用語	3	kikai_r4.pdf
不活性ガス	用語	3	kikai_r4.pdf
不活性ガス消火	用語	3	kikai_r4.pdf
不活性ガス消火配管	用語	3	kikai_r4.pdf
中仕切板	用語	3	kikai_r4.pdf
中性能	用語	3	kikai_r4.pdf
主要構成部品	用語	3	kikai_r4.pdf
主要部品	用語	3	kikai_r4.pdf
主遮断弁	用語	3	kikai_r4.pdf
主配管	用語	3	kikai_r4.pdf
乾燥方法	用語	3	kikai_r4.pdf
予備供給装置	用語	3	kikai_r4.pdf
予備品	用語	3	kikai_r4.pdf
二槽式タンク	用語	3	kikai_r4.pdf
二重構造	用語	3	kikai_r4.pdf
亜鉛合金	用語	3	kikai_r4.pdf
亜鉛合金製	用語	3	kikai_r4.pdf
人為的	用語	3	kikai_r4.pdf
以上離	用語	3	kikai_r4.pdf
仮設供給	用語	3	kikai_r4.pdf
伝送制御装置	用語	3	kikai_r4.pdf
低流量保護制御機能	用語	3	kikai_r4.pdf
低温機器	用語	3	kikai_r4.pdf
住宅内転	用語	3	kikai_r4.pdf
作動表示	用語	3	kikai_r4.pdf
作業環境	用語	3	kikai_r4.pdf
使用区分	用語	3	kikai_r4.pdf
使用圧	用語	3	kikai_r4.pdf
使用材料	用語	3	kikai_r4.pdf
使用電圧	用語	3	kikai_r4.pdf
例示基準	用語	3	kikai_r4.pdf
供給電源	用語	3	kikai_r4.pdf
保温付被覆銅管	用語	3	kikai_r4.pdf
保護カバー	用語	3	kikai_r4.pdf
保護カバー付	用語	3	kikai_r4.pdf
保護管	用語	3	kikai_r4.pdf
保護装置	用語	3	kikai_r4.pdf
個以上	用語	3	kikai_r4.pdf
倍程度	用語	3	kikai_r4.pdf
停電時自動切替	用語	3	kikai_r4.pdf
充塡砂利	用語	3	kikai_r4.pdf
充電部	用語	3	kikai_r4.pdf
全熱交換ユニット	用語	3	kikai_r4.pdf
全系統	用語	3	kikai_r4.pdf
全閉防	用語	3	kikai_r4.pdf
全静圧	用語	3	kikai_r4.pdf
公共工事	用語	3	kikai_r4.pdf
内部補強方式	用語	3	kikai_r4.pdf
再利用	用語	3	kikai_r4.pdf
冷凍保安規則関係例示基準	用語	3	kikai_r4.pdf
冷却水用	用語	3	kikai_r4.pdf
冷媒ガス量	用語	3	kikai_r4.pdf
冷媒ポンプ	用語	3	kikai_r4.pdf
冷媒用銅管	用語	3	kikai_r4.pdf
冷房時	用語	3	kikai_r4.pdf
冷暖房切換弁	用語	3	kikai_r4.pdf
冷温水タンク	用語	3	kikai_r4.pdf
冷温水ヘッダー	用語	3	kikai_r4.pdf
冷温水制御弁	用語	3	kikai_r4.pdf
処理水	用語	3	kikai_r4.pdf
分以上	用語	3	kikai_r4.pdf
分以内	用語	3	kikai_r4.pdf
分岐ヘッダー	用語	3	kikai_r4.pdf
分岐方法	用語	3	kikai_r4.pdf
切削歯	用語	3	kikai_r4.pdf
切換スイッチ	用語	3	kikai_r4.pdf
切換器	用語	3	kikai_r4.pdf
切断後	用語	3	kikai_r4.pdf
制御対象	用語	3	kikai_r4.pdf
制御用	用語	3	kikai_r4.pdf
制御用ケーブル	用語	3	kikai_r4.pdf
副水路	用語	3	kikai_r4.pdf
加圧送水装置	用語	3	kikai_r4.pdf
加熱能力	用語	3	kikai_r4.pdf
動作表示	用語	3	kikai_r4.pdf
化エチレン樹脂	用語	3	kikai_r4.pdf
化学成分	用語	3	kikai_r4.pdf
医療ガス	用語	3	kikai_r4.pdf
十分検討	用語	3	kikai_r4.pdf
十分耐	用語	3	kikai_r4.pdf
半密閉形	用語	3	kikai_r4.pdf
単位装置	用語	3	kikai_r4.pdf
印字装置	用語	3	kikai_r4.pdf
取付方法	用語	3	kikai_r4.pdf
取付間隔	用語	3	kikai_r4.pdf
受光器	用語	3	kikai_r4.pdf
可動パネル	用語	3	kikai_r4.pdf
可塑剤	用語	3	kikai_r4.pdf
可燃性	用語	3	kikai_r4.pdf
台以上設	用語	3	kikai_r4.pdf
各段階	用語	3	kikai_r4.pdf
各設備	用語	3	kikai_r4.pdf
合成樹脂製バルブ	用語	3	kikai_r4.pdf
合成樹脂調合ペイント塗	用語	3	kikai_r4.pdf
同法施行規則	用語	3	kikai_r4.pdf
同規則関係例示基準	用語	3	kikai_r4.pdf
吐出ガス	用語	3	kikai_r4.pdf
吐出口	用語	3	kikai_r4.pdf
吐出圧力	用語	3	kikai_r4.pdf
吸収剤	用語	3	kikai_r4.pdf
吸引ポンプ	用語	3	kikai_r4.pdf
吸引方式	用語	3	kikai_r4.pdf
吸湿性	用語	3	kikai_r4.pdf
吸込部	用語	3	kikai_r4.pdf
周波数変動	用語	3	kikai_r4.pdf
呼水栓	用語	3	kikai_r4.pdf
回転数制御	用語	3	kikai_r4.pdf
図形表示	用語	3	kikai_r4.pdf
固定バンド	用語	3	kikai_r4.pdf
固定方法	用語	3	kikai_r4.pdf
国営設第	用語	3	kikai_r4.pdf
国土交通大臣	用語	3	kikai_r4.pdf
国際身障者シンボルマーク	用語	3	kikai_r4.pdf
圧力制御方式	用語	3	kikai_r4.pdf
圧力差	用語	3	kikai_r4.pdf
圧力検査器	用語	3	kikai_r4.pdf
圧力配管用	用語	3	kikai_r4.pdf
圧縮空気	用語	3	kikai_r4.pdf
圧送排水鋼管用可	用語	3	kikai_r4.pdf
地中部分	用語	3	kikai_r4.pdf
地盤上	用語	3	kikai_r4.pdf
垂直方向	用語	3	kikai_r4.pdf
塗膜性能	用語	3	kikai_r4.pdf
塗装面	用語	3	kikai_r4.pdf
壁付形注油口	用語	3	kikai_r4.pdf
壁貫通	用語	3	kikai_r4.pdf
変更時	用語	3	kikai_r4.pdf
変風量ユニット	用語	3	kikai_r4.pdf
外後板	用語	3	kikai_r4.pdf
多翼形	用語	3	kikai_r4.pdf
多翼形送風機	用語	3	kikai_r4.pdf
大地間	用語	3	kikai_r4.pdf
大気圧換算値	用語	3	kikai_r4.pdf
天井埋込型	用語	3	kikai_r4.pdf
完成時	用語	3	kikai_r4.pdf
官公署	用語	3	kikai_r4.pdf
定格圧力	用語	3	kikai_r4.pdf
定流量弁	用語	3	kikai_r4.pdf
実運転時間	用語	3	kikai_r4.pdf
容器弁開放装置	用語	3	kikai_r4.pdf
容積比	用語	3	kikai_r4.pdf
寒冷地	用語	3	kikai_r4.pdf
対地間	用語	3	kikai_r4.pdf
専用工具	用語	3	kikai_r4.pdf
届出手続	用語	3	kikai_r4.pdf
屋内消火栓開閉弁	用語	3	kikai_r4.pdf
山形鋼寸法	用語	3	kikai_r4.pdf
工事中	用語	3	kikai_r4.pdf
工事写真	用語	3	kikai_r4.pdf
帯水層	用語	3	kikai_r4.pdf
年国土交通省告示第	用語	3	kikai_r4.pdf
広範囲型	用語	3	kikai_r4.pdf
建築物内	用語	3	kikai_r4.pdf
式管端防食管継手	用語	3	kikai_r4.pdf
強制循環式	用語	3	kikai_r4.pdf
形式記号	用語	3	kikai_r4.pdf
形状寸法	用語	3	kikai_r4.pdf
待機側	用語	3	kikai_r4.pdf
微粒子	用語	3	kikai_r4.pdf
微細目スクリーン	用語	3	kikai_r4.pdf
性能検査	用語	3	kikai_r4.pdf
戸開待機中	用語	3	kikai_r4.pdf
房排水用可	用語	3	kikai_r4.pdf
手動開放装置	用語	3	kikai_r4.pdf
手洗器	用語	3	kikai_r4.pdf
投光器	用語	3	kikai_r4.pdf
抵抗測定	用語	3	kikai_r4.pdf
押ボタン	用語	3	kikai_r4.pdf
拘束試験	用語	3	kikai_r4.pdf
指示計	用語	3	kikai_r4.pdf
捕集率	用語	3	kikai_r4.pdf
掃除口	用語	3	kikai_r4.pdf
排ガスボイラー	用語	3	kikai_r4.pdf
排ガス熱交換器	用語	3	kikai_r4.pdf
排気ダクト	用語	3	kikai_r4.pdf
排気側空気	用語	3	kikai_r4.pdf
排気筒	用語	3	kikai_r4.pdf
排気量	用語	3	kikai_r4.pdf
排水横枝管	用語	3	kikai_r4.pdf
排熱回収	用語	3	kikai_r4.pdf
排熱回収型給湯器	用語	3	kikai_r4.pdf
接合要領	用語	3	kikai_r4.pdf
接地工事	用語	3	kikai_r4.pdf
接地極付ロック式プラグ	用語	3	kikai_r4.pdf
接地端子	用語	3	kikai_r4.pdf
接続器	用語	3	kikai_r4.pdf
接続用	用語	3	kikai_r4.pdf
揚泥管	用語	3	kikai_r4.pdf
換気扇	用語	3	kikai_r4.pdf
揮発油	用語	3	kikai_r4.pdf
損傷部	用語	3	kikai_r4.pdf
操作卓	用語	3	kikai_r4.pdf
操作器	用語	3	kikai_r4.pdf
操作用	用語	3	kikai_r4.pdf
放射圧力	用語	3	kikai_r4.pdf
放射熱	用語	3	kikai_r4.pdf
放射線透過検査	用語	3	kikai_r4.pdf
放熱器	用語	3	kikai_r4.pdf
散布装置	用語	3	kikai_r4.pdf
整流板	用語	3	kikai_r4.pdf
施工上	用語	3	kikai_r4.pdf
施工時間	用語	3	kikai_r4.pdf
施工管理者	用語	3	kikai_r4.pdf
既存設備	用語	3	kikai_r4.pdf
日以内	用語	3	kikai_r4.pdf
日本エルピーガス機器検査協会	用語	3	kikai_r4.pdf
日本産業規格	用語	3	kikai_r4.pdf
日本農林規格	用語	3	kikai_r4.pdf
最下部	用語	3	kikai_r4.pdf
最大定員	用語	3	kikai_r4.pdf
最大荷重	用語	3	kikai_r4.pdf
最小厚	用語	3	kikai_r4.pdf
最小曲	用語	3	kikai_r4.pdf
末端試験弁	用語	3	kikai_r4.pdf
本継手	用語	3	kikai_r4.pdf
本質安全防爆構造	用語	3	kikai_r4.pdf
板金製品	用語	3	kikai_r4.pdf
棒状放水	用語	3	kikai_r4.pdf
検知装置	用語	3	kikai_r4.pdf
業務用	用語	3	kikai_r4.pdf
標準定格条件	用語	3	kikai_r4.pdf
標準差込	用語	3	kikai_r4.pdf
模式図	用語	3	kikai_r4.pdf
横方向	用語	3	kikai_r4.pdf
樹脂管専用カッター	用語	3	kikai_r4.pdf
樹脂製カバー	用語	3	kikai_r4.pdf
機器固定要領	用語	3	kikai_r4.pdf
機械器具	用語	3	kikai_r4.pdf
機械室内	用語	3	kikai_r4.pdf
機械式駐車装置	用語	3	kikai_r4.pdf
機械的	用語	3	kikai_r4.pdf
機械的接合	用語	3	kikai_r4.pdf
機械的損傷	用語	3	kikai_r4.pdf
比例帯	用語	3	kikai_r4.pdf
気型スクリーン	用語	3	kikai_r4.pdf
水位レベル	用語	3	kikai_r4.pdf
水冷式	用語	3	kikai_r4.pdf
水切バケット	用語	3	kikai_r4.pdf
水平面	用語	3	kikai_r4.pdf
水気化式	用語	3	kikai_r4.pdf
水質汚濁防止法	用語	3	kikai_r4.pdf
水道用直結加圧形ポンプユニット	用語	3	kikai_r4.pdf
水配管用亜鉛	用語	3	kikai_r4.pdf
汚水中	用語	3	kikai_r4.pdf
汚水管	用語	3	kikai_r4.pdf
汚物ポンプ	用語	3	kikai_r4.pdf
油入緩衝器	用語	3	kikai_r4.pdf
油圧シリンダ	用語	3	kikai_r4.pdf
油圧装置	用語	3	kikai_r4.pdf
油圧計	用語	3	kikai_r4.pdf
油性マーキング	用語	3	kikai_r4.pdf
油面計	用語	3	kikai_r4.pdf
法律施行規則	用語	3	kikai_r4.pdf
注入ポンプ	用語	3	kikai_r4.pdf
注油口桝	用語	3	kikai_r4.pdf
洗面器類	用語	3	kikai_r4.pdf
活性炭	用語	3	kikai_r4.pdf
活性炭吸着装置	用語	3	kikai_r4.pdf
流量調整弁	用語	3	kikai_r4.pdf
消火ポンプユニット	用語	3	kikai_r4.pdf
消火ポンプユニット廻	用語	3	kikai_r4.pdf
消火機器	用語	3	kikai_r4.pdf
消費機器	用語	3	kikai_r4.pdf
液管式	用語	3	kikai_r4.pdf
液面制御装置	用語	3	kikai_r4.pdf
清浄度試験	用語	3	kikai_r4.pdf
減油警報	用語	3	kikai_r4.pdf
温度センサー	用語	3	kikai_r4.pdf
温度補正	用語	3	kikai_r4.pdf
温度試験	用語	3	kikai_r4.pdf
温度調節装置	用語	3	kikai_r4.pdf
温水ボイラ	用語	3	kikai_r4.pdf
温水式放熱器本体	用語	3	kikai_r4.pdf
温水温度	用語	3	kikai_r4.pdf
温水配管	用語	3	kikai_r4.pdf
溶接後	用語	3	kikai_r4.pdf
溶接方法	用語	3	kikai_r4.pdf
溶接棒	用語	3	kikai_r4.pdf
火災防止	用語	3	kikai_r4.pdf
無機質充塡材	用語	3	kikai_r4.pdf
無負荷試験	用語	3	kikai_r4.pdf
煙濃度計	用語	3	kikai_r4.pdf
煙管式	用語	3	kikai_r4.pdf
熱回収装置	用語	3	kikai_r4.pdf
燃料消費量	用語	3	kikai_r4.pdf
燃焼部	用語	3	kikai_r4.pdf
状態表示	用語	3	kikai_r4.pdf
現地表示式	用語	3	kikai_r4.pdf
環境保全	用語	3	kikai_r4.pdf
用ステンレス鋼線	用語	3	kikai_r4.pdf
発信器	用語	3	kikai_r4.pdf
発泡プラスチック保温材	用語	3	kikai_r4.pdf
発熱ボード	用語	3	kikai_r4.pdf
皮膜厚	用語	3	kikai_r4.pdf
盤内配線	用語	3	kikai_r4.pdf
直線部	用語	3	kikai_r4.pdf
破砕装置	用語	3	kikai_r4.pdf
硬質ウレタンフォーム	用語	3	kikai_r4.pdf
硬質塩化ビニル	用語	3	kikai_r4.pdf
確認後	用語	3	kikai_r4.pdf
空気漏	用語	3	kikai_r4.pdf
空気量	用語	3	kikai_r4.pdf
空調負荷流量	用語	3	kikai_r4.pdf
端部水室	用語	3	kikai_r4.pdf
第三者	用語	3	kikai_r4.pdf
管接続部分	用語	3	kikai_r4.pdf
粘土状	用語	3	kikai_r4.pdf
粘着材	用語	3	kikai_r4.pdf
系統以上	用語	3	kikai_r4.pdf
紙巻器	用語	3	kikai_r4.pdf
細目スクリーン	用語	3	kikai_r4.pdf
給気側	用語	3	kikai_r4.pdf
給水配管	用語	3	kikai_r4.pdf
給湯用膨張	用語	3	kikai_r4.pdf
給湯配管	用語	3	kikai_r4.pdf
絶縁シート	用語	3	kikai_r4.pdf
絶縁テープ	用語	3	kikai_r4.pdf
絶縁フランジ	用語	3	kikai_r4.pdf
絶縁保護	用語	3	kikai_r4.pdf
絶縁効力	用語	3	kikai_r4.pdf
絶縁抵抗計	用語	3	kikai_r4.pdf
絶縁電線	用語	3	kikai_r4.pdf
継手製造者	用語	3	kikai_r4.pdf
網目呼称	用語	3	kikai_r4.pdf
総合的	用語	3	kikai_r4.pdf
総合盤	用語	3	kikai_r4.pdf
線番番号	用語	3	kikai_r4.pdf
耐候性	用語	3	kikai_r4.pdf
耐摩耗性	用語	3	kikai_r4.pdf
耐溝状腐食電縫鋼管	用語	3	kikai_r4.pdf
耐火ボード	用語	3	kikai_r4.pdf
耐熱板	用語	3	kikai_r4.pdf
耐燃性ポリエチレン絶縁電線	用語	3	kikai_r4.pdf
耐脱亜鉛腐食快削黄銅	用語	3	kikai_r4.pdf
耐荷重	用語	3	kikai_r4.pdf
耐震措置	用語	3	kikai_r4.pdf
耐食処理	用語	3	kikai_r4.pdf
自動ガス分析器	用語	3	kikai_r4.pdf
自動充電式蓄電池	用語	3	kikai_r4.pdf
自動容量制御	用語	3	kikai_r4.pdf
自動式	用語	3	kikai_r4.pdf
自己発電	用語	3	kikai_r4.pdf
自己融着性	用語	3	kikai_r4.pdf
自重支持	用語	3	kikai_r4.pdf
色以上	用語	3	kikai_r4.pdf
色別表示	用語	3	kikai_r4.pdf
蒸気トラップ	用語	3	kikai_r4.pdf
蒸気配管	用語	3	kikai_r4.pdf
蒸発圧力	用語	3	kikai_r4.pdf
蓄熱量	用語	3	kikai_r4.pdf
薄形フランジ	用語	3	kikai_r4.pdf
薄鋼電線管	用語	3	kikai_r4.pdf
薬品注入装置	用語	3	kikai_r4.pdf
行先階ボタン	用語	3	kikai_r4.pdf
衛生上無害	用語	3	kikai_r4.pdf
衛生器具ユニット	用語	3	kikai_r4.pdf
衛生工学会規格	用語	3	kikai_r4.pdf
表面平面度	用語	3	kikai_r4.pdf
装置全体	用語	3	kikai_r4.pdf
補助材	用語	3	kikai_r4.pdf
補強方式	用語	3	kikai_r4.pdf
補給水タンク	用語	3	kikai_r4.pdf
複合板形パネルタンク	用語	3	kikai_r4.pdf
規定量	用語	3	kikai_r4.pdf
規格品	用語	3	kikai_r4.pdf
計量法	用語	3	kikai_r4.pdf
設定圧力	用語	3	kikai_r4.pdf
設定湿度	用語	3	kikai_r4.pdf
設置基準	用語	3	kikai_r4.pdf
許容引張応力	用語	3	kikai_r4.pdf
許容振動値	用語	3	kikai_r4.pdf
認証登録品	用語	3	kikai_r4.pdf
警報監視	用語	3	kikai_r4.pdf
警報設備	用語	3	kikai_r4.pdf
踏段リンク	用語	3	kikai_r4.pdf
転倒防止用	用語	3	kikai_r4.pdf
軸方向	用語	3	kikai_r4.pdf
退避階	用語	3	kikai_r4.pdf
送受信	用語	3	kikai_r4.pdf
送油管	用語	3	kikai_r4.pdf
送風機吐出側相フランジ	用語	3	kikai_r4.pdf
逆勾配	用語	3	kikai_r4.pdf
通気金物	用語	3	kikai_r4.pdf
通電後	用語	3	kikai_r4.pdf
連結送水管	用語	3	kikai_r4.pdf
遊合形	用語	3	kikai_r4.pdf
運転中	用語	3	kikai_r4.pdf
運転方式	用語	3	kikai_r4.pdf
運転状態表示	用語	3	kikai_r4.pdf
運転荷重	用語	3	kikai_r4.pdf
運転表示灯	用語	3	kikai_r4.pdf
遠心ポンプ	用語	3	kikai_r4.pdf
遠隔警報器	用語	3	kikai_r4.pdf
適用表示厚	用語	3	kikai_r4.pdf
遮断器	用語	3	kikai_r4.pdf
避難階	用語	3	kikai_r4.pdf
還水管	用語	3	kikai_r4.pdf
部モルタル塗	用語	3	kikai_r4.pdf
配列順	用語	3	kikai_r4.pdf
配管吊	用語	3	kikai_r4.pdf
配管接続用アダプタ	用語	3	kikai_r4.pdf
配管端末器	用語	3	kikai_r4.pdf
配管附属品	用語	3	kikai_r4.pdf
配線共	用語	3	kikai_r4.pdf
配線相互	用語	3	kikai_r4.pdf
配電盤	用語	3	kikai_r4.pdf
酸素濃度	用語	3	kikai_r4.pdf
金属ダクト	用語	3	kikai_r4.pdf
金属板仕上	用語	3	kikai_r4.pdf
金属線	用語	3	kikai_r4.pdf
金属製	用語	3	kikai_r4.pdf
鉄筋コンクリート造	用語	3	kikai_r4.pdf
鉛直方向	用語	3	kikai_r4.pdf
鋼製ボルト	用語	3	kikai_r4.pdf
鋼製溶接式管継手	用語	3	kikai_r4.pdf
鋼製真空式温水発生機	用語	3	kikai_r4.pdf
鋼製電線管	用語	3	kikai_r4.pdf
鍛鋼製	用語	3	kikai_r4.pdf
長期保存	用語	3	kikai_r4.pdf
開先加工	用語	3	kikai_r4.pdf
開放時	用語	3	kikai_r4.pdf
開放状態	用語	3	kikai_r4.pdf
関連事項	用語	3	kikai_r4.pdf
防振装置	用語	3	kikai_r4.pdf
防止機能	用語	3	kikai_r4.pdf
防食テープ	用語	3	kikai_r4.pdf
防食用ペーストシール剤	用語	3	kikai_r4.pdf
障害物	用語	3	kikai_r4.pdf
雑材料	用語	3	kikai_r4.pdf
雑用水	用語	3	kikai_r4.pdf
電動機盤	用語	3	kikai_r4.pdf
電動機軸	用語	3	kikai_r4.pdf
電極帯	用語	3	kikai_r4.pdf
電気抵抗溶接鋼管	用語	3	kikai_r4.pdf
電気的	用語	3	kikai_r4.pdf
電灯用	用語	3	kikai_r4.pdf
青銅等腐食	用語	3	kikai_r4.pdf
非常停止装置	用語	3	kikai_r4.pdf
非常呼戻	用語	3	kikai_r4.pdf
非常時	用語	3	kikai_r4.pdf
非硬化性	用語	3	kikai_r4.pdf
音響警報装置	用語	3	kikai_r4.pdf
風速センサー形	用語	3	kikai_r4.pdf
風量調節	用語	3	kikai_r4.pdf
駆動綱車	用語	3	kikai_r4.pdf
高圧ガス保安協会	用語	3	kikai_r4.pdf
高張力鋼	用語	3	kikai_r4.pdf
高温水管	用語	3	kikai_r4.pdf
高温溶液熱交換器	用語	3	kikai_r4.pdf
アウトレットパネル	用語	2	kikai_r4.pdf
アウトレットボックス	用語	2	kikai_r4.pdf
アクセス	用語	2	kikai_r4.pdf
アルゴン	用語	2	kikai_r4.pdf
アルミ	用語	2	kikai_r4.pdf
アルミアルマイト処理	用語	2	kikai_r4.pdf
アルミニウム製鍋	用語	2	kikai_r4.pdf
アングル形	用語	2	kikai_r4.pdf
アンスラサイト	用語	2	kikai_r4.pdf
アンローダ方式	用語	2	kikai_r4.pdf
アーク	用語	2	kikai_r4.pdf
イオン交換樹脂筒	用語	2	kikai_r4.pdf
インターホン回路	用語	2	kikai_r4.pdf
インバーター回路	用語	2	kikai_r4.pdf
ウエイト	用語	2	kikai_r4.pdf
ウォータチリングユニット	用語	2	kikai_r4.pdf
エアコンディショナ	用語	2	kikai_r4.pdf
エアハンドリングユニット	用語	2	kikai_r4.pdf
エア抜弁	用語	2	kikai_r4.pdf
エア抜弁以降	用語	2	kikai_r4.pdf
エキスパンションジョイント部	用語	2	kikai_r4.pdf
エジェクタ	用語	2	kikai_r4.pdf
エジェクタ方式	用語	2	kikai_r4.pdf
エチレンプロピレンゴム	用語	2	kikai_r4.pdf
エポキシ樹脂	用語	2	kikai_r4.pdf
エルボ	用語	2	kikai_r4.pdf
エレベーター内	用語	2	kikai_r4.pdf
エレベーター用	用語	2	kikai_r4.pdf
オイルサービスタンク廻	用語	2	kikai_r4.pdf
オイルバーナー方式	用語	2	kikai_r4.pdf
オイルポンプ	用語	2	kikai_r4.pdf
オリフィス	用語	2	kikai_r4.pdf
カルシア	用語	2	kikai_r4.pdf
ガイドパイプ	用語	2	kikai_r4.pdf
ガステーブルレンジ	用語	2	kikai_r4.pdf
ガスバーナー方式	用語	2	kikai_r4.pdf
ガスメーター	用語	2	kikai_r4.pdf
ガス別特定方式	用語	2	kikai_r4.pdf
ガス圧開放方式	用語	2	kikai_r4.pdf
ガス性	用語	2	kikai_r4.pdf
ガス機器	用語	2	kikai_r4.pdf
ガス機器防火性能評定	用語	2	kikai_r4.pdf
ガス源	用語	2	kikai_r4.pdf
ガス溶断加工	用語	2	kikai_r4.pdf
ガス用ステンレス鋼フレキシブル管	用語	2	kikai_r4.pdf
ガス設備設置基準	用語	2	kikai_r4.pdf
ガラス管式	用語	2	kikai_r4.pdf
ガラス製温度計	用語	2	kikai_r4.pdf
ガラリ	用語	2	kikai_r4.pdf
ガンタイプ油バーナー	用語	2	kikai_r4.pdf
ガード付	用語	2	kikai_r4.pdf
キックプレート	用語	2	kikai_r4.pdf
キャンド形ポンプ	用語	2	kikai_r4.pdf
ギヤ式	用語	2	kikai_r4.pdf
クロムフリー	用語	2	kikai_r4.pdf
グラスウール保温筒	用語	2	kikai_r4.pdf
グラスウール製	用語	2	kikai_r4.pdf
グラフィックパネル	用語	2	kikai_r4.pdf
グリスエクストラクター	用語	2	kikai_r4.pdf
グリース阻集器	用語	2	kikai_r4.pdf
ケーシング付	用語	2	kikai_r4.pdf
ケーシング内面	用語	2	kikai_r4.pdf
ケーシング挿入	用語	2	kikai_r4.pdf
ケーブル外径	用語	2	kikai_r4.pdf
ゲージ式	用語	2	kikai_r4.pdf
コイル部	用語	2	kikai_r4.pdf
コネクター	用語	2	kikai_r4.pdf
コンクリート打設後	用語	2	kikai_r4.pdf
コンクリート管	用語	2	kikai_r4.pdf
コーティング鋼管	用語	2	kikai_r4.pdf
コード付	用語	2	kikai_r4.pdf
コーン	用語	2	kikai_r4.pdf
ゴムキャブタイヤケーブル	用語	2	kikai_r4.pdf
ゴム製	用語	2	kikai_r4.pdf
サドル	用語	2	kikai_r4.pdf
サブドレンパン	用語	2	kikai_r4.pdf
サプライチャンバー	用語	2	kikai_r4.pdf
サーキットプロテクタ	用語	2	kikai_r4.pdf
シリカ	用語	2	kikai_r4.pdf
シンボル	用語	2	kikai_r4.pdf
シート	用語	2	kikai_r4.pdf
シーリングディフューザー	用語	2	kikai_r4.pdf
ジャッキ	用語	2	kikai_r4.pdf
ジョイナー	用語	2	kikai_r4.pdf
スカム	用語	2	kikai_r4.pdf
スカートガード	用語	2	kikai_r4.pdf
スクリーン印刷	用語	2	kikai_r4.pdf
スケジュール	用語	2	kikai_r4.pdf
スケジュール設定	用語	2	kikai_r4.pdf
ステンレス形鋼	用語	2	kikai_r4.pdf
ステンレス折曲	用語	2	kikai_r4.pdf
ステンレス鋼溶接技術検定	用語	2	kikai_r4.pdf
ステンレス鋼線	用語	2	kikai_r4.pdf
スピゴット継手	用語	2	kikai_r4.pdf
スプリング	用語	2	kikai_r4.pdf
スプリングワッシャ付	用語	2	kikai_r4.pdf
スポット溶接鋲	用語	2	kikai_r4.pdf
スライディングガイドシュー	用語	2	kikai_r4.pdf
スライドオンフランジ工法ダクト	用語	2	kikai_r4.pdf
スライド弁方式	用語	2	kikai_r4.pdf
スラグ	用語	2	kikai_r4.pdf
スラスト荷重	用語	2	kikai_r4.pdf
スラブ	用語	2	kikai_r4.pdf
ス化粧保温筒	用語	2	kikai_r4.pdf
セメンチング	用語	2	kikai_r4.pdf
ソリッドワイヤ	用語	2	kikai_r4.pdf
タイプ	用語	2	kikai_r4.pdf
タイマー	用語	2	kikai_r4.pdf
タオル掛	用語	2	kikai_r4.pdf
タッピング	用語	2	kikai_r4.pdf
タンク以外	用語	2	kikai_r4.pdf
タンク外面	用語	2	kikai_r4.pdf
タンク底板	用語	2	kikai_r4.pdf
ダウンザホールハンマ式	用語	2	kikai_r4.pdf
ダクト内部	用語	2	kikai_r4.pdf
ダクト附属品	用語	2	kikai_r4.pdf
ダンパー本体	用語	2	kikai_r4.pdf
ダンパー開度	用語	2	kikai_r4.pdf
チタン銅	用語	2	kikai_r4.pdf
チーズ	用語	2	kikai_r4.pdf
テーブルタイプ	用語	2	kikai_r4.pdf
テープシール材	用語	2	kikai_r4.pdf
テープ巻	用語	2	kikai_r4.pdf
デシカントロータ	用語	2	kikai_r4.pdf
デジタル式	用語	2	kikai_r4.pdf
トラス内	用語	2	kikai_r4.pdf
トン未満	用語	2	kikai_r4.pdf
ドアスイッチ	用語	2	kikai_r4.pdf
ドアロック解放用キー	用語	2	kikai_r4.pdf
ドア枠	用語	2	kikai_r4.pdf
ドット以上	用語	2	kikai_r4.pdf
ドラフトチューブ	用語	2	kikai_r4.pdf
ドラム	用語	2	kikai_r4.pdf
ドラム形	用語	2	kikai_r4.pdf
ドレン	用語	2	kikai_r4.pdf
ドレンバルブ	用語	2	kikai_r4.pdf
ナイロンコーティング	用語	2	kikai_r4.pdf
ネック径	用語	2	kikai_r4.pdf
ノズル式	用語	2	kikai_r4.pdf
バイパス弁	用語	2	kikai_r4.pdf
バイパス弁内蔵形	用語	2	kikai_r4.pdf
バイパス弁制御	用語	2	kikai_r4.pdf
バイパス管	用語	2	kikai_r4.pdf
バイメタル式温度計	用語	2	kikai_r4.pdf
バルブプロテクタ	用語	2	kikai_r4.pdf
パイプニップル	用語	2	kikai_r4.pdf
パニック	用語	2	kikai_r4.pdf
パネルフランジ周辺部	用語	2	kikai_r4.pdf
ヒーティング施設	用語	2	kikai_r4.pdf
ビニル粘着テープ	用語	2	kikai_r4.pdf
ビニル絶縁ビニルキャブタイヤケーブル	用語	2	kikai_r4.pdf
ピストンダンパー	用語	2	kikai_r4.pdf
ピッツバーグ	用語	2	kikai_r4.pdf
ファンコイル	用語	2	kikai_r4.pdf
フィルター交換時	用語	2	kikai_r4.pdf
フィルター本体	用語	2	kikai_r4.pdf
フォーム保温材	用語	2	kikai_r4.pdf
フライヤ	用語	2	kikai_r4.pdf
フランジ形リフト逆止	用語	2	kikai_r4.pdf
フランジ形玉形弁	用語	2	kikai_r4.pdf
フランジ継手接合	用語	2	kikai_r4.pdf
フルスケール	用語	2	kikai_r4.pdf
フレキシブルジョイント桝	用語	2	kikai_r4.pdf
フレキシブルチューブ	用語	2	kikai_r4.pdf
フレキ管	用語	2	kikai_r4.pdf
フロン排出抑制法	用語	2	kikai_r4.pdf
フロースイッチ	用語	2	kikai_r4.pdf
フード	用語	2	kikai_r4.pdf
フード囲	用語	2	kikai_r4.pdf
ブチルゴム系	用語	2	kikai_r4.pdf
ブライン用	用語	2	kikai_r4.pdf
ブレーキ	用語	2	kikai_r4.pdf
プラグ	用語	2	kikai_r4.pdf
プラスチック製	用語	2	kikai_r4.pdf
ヘッド	用語	2	kikai_r4.pdf
ヘリウムガス	用語	2	kikai_r4.pdf
ヘリカルギヤ	用語	2	kikai_r4.pdf
ベルトガード	用語	2	kikai_r4.pdf
ベルト保護カバー	用語	2	kikai_r4.pdf
ベルト駆動	用語	2	kikai_r4.pdf
ベローズ形	用語	2	kikai_r4.pdf
ベンド	用語	2	kikai_r4.pdf
ホース収納装置	用語	2	kikai_r4.pdf
ホーロー	用語	2	kikai_r4.pdf
ボイラー水位制御	用語	2	kikai_r4.pdf
ボタン付	用語	2	kikai_r4.pdf
ボタン類	用語	2	kikai_r4.pdf
ボックスカバー	用語	2	kikai_r4.pdf
ボルト締結	用語	2	kikai_r4.pdf
ボールジョイント	用語	2	kikai_r4.pdf
ボールタップ式	用語	2	kikai_r4.pdf
ポイント属性	用語	2	kikai_r4.pdf
ポリウレタン樹脂塗料	用語	2	kikai_r4.pdf
ポリエチレンシースケーブル	用語	2	kikai_r4.pdf
ポリエチレン絶縁編組形	用語	2	kikai_r4.pdf
ポリエチレン被覆鋼管	用語	2	kikai_r4.pdf
ポリスチレンフォーム保温材	用語	2	kikai_r4.pdf
ポンプ効率	用語	2	kikai_r4.pdf
ポンプ緊急停止	用語	2	kikai_r4.pdf
ポンプ部	用語	2	kikai_r4.pdf
マイクロプロセッサ	用語	2	kikai_r4.pdf
マグネシア	用語	2	kikai_r4.pdf
マシンビーム	用語	2	kikai_r4.pdf
マルチ形	用語	2	kikai_r4.pdf
メカニカル形	用語	2	kikai_r4.pdf
メカニカル形内	用語	2	kikai_r4.pdf
メカニカル形管継手	用語	2	kikai_r4.pdf
メタリック	用語	2	kikai_r4.pdf
メッシュ以上	用語	2	kikai_r4.pdf
メラミン焼付	用語	2	kikai_r4.pdf
モーメン	用語	2	kikai_r4.pdf
ユニオン	用語	2	kikai_r4.pdf
ユニット本体	用語	2	kikai_r4.pdf
ユニット部材	用語	2	kikai_r4.pdf
ユーザーターミナル	用語	2	kikai_r4.pdf
ライナー	用語	2	kikai_r4.pdf
ライニング弁	用語	2	kikai_r4.pdf
ライン形遠心ポンプ	用語	2	kikai_r4.pdf
ラベル	用語	2	kikai_r4.pdf
リサイクル硬質ポリ塩化ビニル発泡三層管	用語	2	kikai_r4.pdf
リフト継手	用語	2	kikai_r4.pdf
リレー	用語	2	kikai_r4.pdf
リング形	用語	2	kikai_r4.pdf
レベルスイッチ	用語	2	kikai_r4.pdf
レベーター	用語	2	kikai_r4.pdf
レーキ部	用語	2	kikai_r4.pdf
レールサイズ	用語	2	kikai_r4.pdf
ロックウール保温帯	用語	2	kikai_r4.pdf
ロックウール保温筒	用語	2	kikai_r4.pdf
ロングエルボ	用語	2	kikai_r4.pdf
ロープ自重	用語	2	kikai_r4.pdf
ローラーガイド	用語	2	kikai_r4.pdf
ロールドグルーブ形	用語	2	kikai_r4.pdf
ワイヤード式	用語	2	kikai_r4.pdf
一定時限	用語	2	kikai_r4.pdf
一括表示	用語	2	kikai_r4.pdf
一斉開放弁装置	用語	2	kikai_r4.pdf
一時中止	用語	2	kikai_r4.pdf
一時休止	用語	2	kikai_r4.pdf
一次圧力調整器	用語	2	kikai_r4.pdf
一番高	用語	2	kikai_r4.pdf
一般エレベーター	用語	2	kikai_r4.pdf
一般構造用炭素鋼鋼管	用語	2	kikai_r4.pdf
一般通則	用語	2	kikai_r4.pdf
一般配管用ステンレス鋼ストレーナ	用語	2	kikai_r4.pdf
一般配管用ステンレス鋼管	用語	2	kikai_r4.pdf
一重効用	用語	2	kikai_r4.pdf
三方弁	用語	2	kikai_r4.pdf
上下動	用語	2	kikai_r4.pdf
上限値	用語	2	kikai_r4.pdf
上階床	用語	2	kikai_r4.pdf
下水道用硬質塩化ビニル製	用語	2	kikai_r4.pdf
下水道用鋳鉄製防護	用語	2	kikai_r4.pdf
不燃性能	用語	2	kikai_r4.pdf
不等沈下	用語	2	kikai_r4.pdf
不適当	用語	2	kikai_r4.pdf
不飽和ポリエステル樹脂	用語	2	kikai_r4.pdf
両配管	用語	2	kikai_r4.pdf
中央線	用語	2	kikai_r4.pdf
中継器	用語	2	kikai_r4.pdf
中間部	用語	2	kikai_r4.pdf
主原料	用語	2	kikai_r4.pdf
主管固定金物	用語	2	kikai_r4.pdf
主記憶部	用語	2	kikai_r4.pdf
乗降位置	用語	2	kikai_r4.pdf
予備揚水試験	用語	2	kikai_r4.pdf
事前調査	用語	2	kikai_r4.pdf
二位置式	用語	2	kikai_r4.pdf
二次ポンプ台数制御	用語	2	kikai_r4.pdf
二次消防運転キースイッチ	用語	2	kikai_r4.pdf
二次消防運転時	用語	2	kikai_r4.pdf
二次災害	用語	2	kikai_r4.pdf
二次熱交換器	用語	2	kikai_r4.pdf
二種ビニル絶縁電線	用語	2	kikai_r4.pdf
二重管形	用語	2	kikai_r4.pdf
井戸構造図	用語	2	kikai_r4.pdf
人身事故	用語	2	kikai_r4.pdf
他製造者	用語	2	kikai_r4.pdf
他関係法令	用語	2	kikai_r4.pdf
代表井	用語	2	kikai_r4.pdf
代表機	用語	2	kikai_r4.pdf
以上引	用語	2	kikai_r4.pdf
以上立	用語	2	kikai_r4.pdf
以下同	用語	2	kikai_r4.pdf
仮受台	用語	2	kikai_r4.pdf
仮設工事	用語	2	kikai_r4.pdf
伝動用ローラチェーン	用語	2	kikai_r4.pdf
伸縮部	用語	2	kikai_r4.pdf
位以下	用語	2	kikai_r4.pdf
低位発熱量	用語	2	kikai_r4.pdf
低圧トップランナーモータ	用語	2	kikai_r4.pdf
低圧三相	用語	2	kikai_r4.pdf
低圧冷媒	用語	2	kikai_r4.pdf
低水位燃焼遮断装置用	用語	2	kikai_r4.pdf
低水位警報装置	用語	2	kikai_r4.pdf
低温用鋼用被覆アーク溶接棒	用語	2	kikai_r4.pdf
低速運転装置	用語	2	kikai_r4.pdf
作動後	用語	2	kikai_r4.pdf
作業場内	用語	2	kikai_r4.pdf
併用方式	用語	2	kikai_r4.pdf
使用量	用語	2	kikai_r4.pdf
供給源異常	用語	2	kikai_r4.pdf
供給途絶	用語	2	kikai_r4.pdf
保守点検ドア	用語	2	kikai_r4.pdf
保守点検用バルブ	用語	2	kikai_r4.pdf
保温仕様	用語	2	kikai_r4.pdf
保温外径	用語	2	kikai_r4.pdf
保温工事	用語	2	kikai_r4.pdf
保温用メタルジャケット	用語	2	kikai_r4.pdf
保温種別	用語	2	kikai_r4.pdf
保護プレート	用語	2	kikai_r4.pdf
保護材	用語	2	kikai_r4.pdf
信号用	用語	2	kikai_r4.pdf
個別運転可能	用語	2	kikai_r4.pdf
個直列	用語	2	kikai_r4.pdf
偏心式プラグ弁	用語	2	kikai_r4.pdf
停止スイッチ	用語	2	kikai_r4.pdf
停止表示	用語	2	kikai_r4.pdf
停止装置	用語	2	kikai_r4.pdf
停電時救出運転	用語	2	kikai_r4.pdf
停電灯	用語	2	kikai_r4.pdf
優先順位	用語	2	kikai_r4.pdf
充塡可能容量	用語	2	kikai_r4.pdf
充塡圧力	用語	2	kikai_r4.pdf
充塡容器	用語	2	kikai_r4.pdf
充塡比	用語	2	kikai_r4.pdf
光ファイバケーブル	用語	2	kikai_r4.pdf
光透過率濃度	用語	2	kikai_r4.pdf
光電装置	用語	2	kikai_r4.pdf
免震構造建物	用語	2	kikai_r4.pdf
全振幅	用語	2	kikai_r4.pdf
全揚程	用語	2	kikai_r4.pdf
全負荷時	用語	2	kikai_r4.pdf
全長約	用語	2	kikai_r4.pdf
全面的	用語	2	kikai_r4.pdf
公共建築設備工事標準図	用語	2	kikai_r4.pdf
六角ナット	用語	2	kikai_r4.pdf
六角ボルト	用語	2	kikai_r4.pdf
共同溝	用語	2	kikai_r4.pdf
具体的	用語	2	kikai_r4.pdf
兼用装置	用語	2	kikai_r4.pdf
内インジケータ	用語	2	kikai_r4.pdf
内側半径	用語	2	kikai_r4.pdf
内操作盤	用語	2	kikai_r4.pdf
内正面	用語	2	kikai_r4.pdf
内照明消灯	用語	2	kikai_r4.pdf
内荷重	用語	2	kikai_r4.pdf
内部甲	用語	2	kikai_r4.pdf
内部補強	用語	2	kikai_r4.pdf
円筒多管形	用語	2	kikai_r4.pdf
再使用	用語	2	kikai_r4.pdf
再点火	用語	2	kikai_r4.pdf
再生器内圧力	用語	2	kikai_r4.pdf
再生資源	用語	2	kikai_r4.pdf
冷凍空調装置	用語	2	kikai_r4.pdf
冷却水配管	用語	2	kikai_r4.pdf
冷却能力	用語	2	kikai_r4.pdf
冷媒制御方式	用語	2	kikai_r4.pdf
冷媒循環量	用語	2	kikai_r4.pdf
冷媒温度	用語	2	kikai_r4.pdf
冷水温度	用語	2	kikai_r4.pdf
冷水管	用語	2	kikai_r4.pdf
冷温水コイル	用語	2	kikai_r4.pdf
冷温水量	用語	2	kikai_r4.pdf
凍結防止	用語	2	kikai_r4.pdf
凝集分離	用語	2	kikai_r4.pdf
凝集分離方式	用語	2	kikai_r4.pdf
凝集拡大	用語	2	kikai_r4.pdf
処理性能	用語	2	kikai_r4.pdf
処理種別	用語	2	kikai_r4.pdf
処理風量	用語	2	kikai_r4.pdf
凹部分	用語	2	kikai_r4.pdf
出入口側	用語	2	kikai_r4.pdf
出入口検出装置	用語	2	kikai_r4.pdf
出力可能	用語	2	kikai_r4.pdf
出退表示回路	用語	2	kikai_r4.pdf
分以上点灯可能	用語	2	kikai_r4.pdf
分保持後	用語	2	kikai_r4.pdf
分岐用継手	用語	2	kikai_r4.pdf
分岐箇所	用語	2	kikai_r4.pdf
分岐配管要領	用語	2	kikai_r4.pdf
切換装置	用語	2	kikai_r4.pdf
切込砂利	用語	2	kikai_r4.pdf
切込砕石	用語	2	kikai_r4.pdf
初期圧力	用語	2	kikai_r4.pdf
初期圧力降下計算	用語	2	kikai_r4.pdf
到着階床名	用語	2	kikai_r4.pdf
制御動作	用語	2	kikai_r4.pdf
制御区域	用語	2	kikai_r4.pdf
制御弁全閉	用語	2	kikai_r4.pdf
制御指令	用語	2	kikai_r4.pdf
制御機器	用語	2	kikai_r4.pdf
制御機能	用語	2	kikai_r4.pdf
制御線	用語	2	kikai_r4.pdf
制御部	用語	2	kikai_r4.pdf
制気口	用語	2	kikai_r4.pdf
前後左右	用語	2	kikai_r4.pdf
前面投影面積	用語	2	kikai_r4.pdf
剛構造体	用語	2	kikai_r4.pdf
加圧式	用語	2	kikai_r4.pdf
加圧水	用語	2	kikai_r4.pdf
加圧用ガス容器	用語	2	kikai_r4.pdf
加工機	用語	2	kikai_r4.pdf
加湿弁	用語	2	kikai_r4.pdf
加熱コイル	用語	2	kikai_r4.pdf
加熱源	用語	2	kikai_r4.pdf
加熱用ヒーターフェース	用語	2	kikai_r4.pdf
加速度	用語	2	kikai_r4.pdf
加速度応答倍率	用語	2	kikai_r4.pdf
動作フロー	用語	2	kikai_r4.pdf
動作中	用語	2	kikai_r4.pdf
動作時	用語	2	kikai_r4.pdf
動作時間	用語	2	kikai_r4.pdf
動荷重	用語	2	kikai_r4.pdf
化学品	用語	2	kikai_r4.pdf
化学物質	用語	2	kikai_r4.pdf
化粧保温帯	用語	2	kikai_r4.pdf
化粧保温筒	用語	2	kikai_r4.pdf
医療ガスホースアセンブリ	用語	2	kikai_r4.pdf
医療ガス安全管理委員会	用語	2	kikai_r4.pdf
医療ガス設備工事	用語	2	kikai_r4.pdf
医療用酸素ボンベ	用語	2	kikai_r4.pdf
十分洗浄効果	用語	2	kikai_r4.pdf
十分清掃	用語	2	kikai_r4.pdf
十分適合	用語	2	kikai_r4.pdf
十分除去	用語	2	kikai_r4.pdf
卓上機器	用語	2	kikai_r4.pdf
単口形	用語	2	kikai_r4.pdf
危険防止用	用語	2	kikai_r4.pdf
原動力	用語	2	kikai_r4.pdf
双口形	用語	2	kikai_r4.pdf
取付範囲	用語	2	kikai_r4.pdf
取付角度	用語	2	kikai_r4.pdf
取扱要領	用語	2	kikai_r4.pdf
受信機	用語	2	kikai_r4.pdf
受圧エレメント	用語	2	kikai_r4.pdf
受水タンク	用語	2	kikai_r4.pdf
可動羽根形状	用語	2	kikai_r4.pdf
可動部	用語	2	kikai_r4.pdf
号機完了灯点灯	用語	2	kikai_r4.pdf
号消火栓箱	用語	2	kikai_r4.pdf
各ボタン	用語	2	kikai_r4.pdf
各ボックス	用語	2	kikai_r4.pdf
各二次ポンプ	用語	2	kikai_r4.pdf
各接続管	用語	2	kikai_r4.pdf
各操作盤	用語	2	kikai_r4.pdf
各熱源機	用語	2	kikai_r4.pdf
各種タンク類	用語	2	kikai_r4.pdf
各種管制運転	用語	2	kikai_r4.pdf
各種表示	用語	2	kikai_r4.pdf
各試験方法	用語	2	kikai_r4.pdf
各部位	用語	2	kikai_r4.pdf
各配管系統	用語	2	kikai_r4.pdf
各階案内表示板	用語	2	kikai_r4.pdf
各項目	用語	2	kikai_r4.pdf
合成樹脂粉体ライニング	用語	2	kikai_r4.pdf
合成樹脂被覆鋼管	用語	2	kikai_r4.pdf
合成樹脂製支持受	用語	2	kikai_r4.pdf
合成界面活性剤泡消火薬剤	用語	2	kikai_r4.pdf
合板張	用語	2	kikai_r4.pdf
合法性	用語	2	kikai_r4.pdf
合計厚	用語	2	kikai_r4.pdf
合計定格出力	用語	2	kikai_r4.pdf
同寸法	用語	2	kikai_r4.pdf
同材質	用語	2	kikai_r4.pdf
同法第	用語	2	kikai_r4.pdf
吐水口	用語	2	kikai_r4.pdf
吸収式冷凍機	用語	2	kikai_r4.pdf
吸引排出	用語	2	kikai_r4.pdf
吸油管	用語	2	kikai_r4.pdf
吸油逆止弁	用語	2	kikai_r4.pdf
吸込側吸音器	用語	2	kikai_r4.pdf
吹出コック	用語	2	kikai_r4.pdf
吹出弁	用語	2	kikai_r4.pdf
吹出風量	用語	2	kikai_r4.pdf
周知徹底	用語	2	kikai_r4.pdf
周辺環境調査	用語	2	kikai_r4.pdf
周辺装置	用語	2	kikai_r4.pdf
呼水タンク	用語	2	kikai_r4.pdf
和風便器取付	用語	2	kikai_r4.pdf
品質確保	用語	2	kikai_r4.pdf
品質管理記録	用語	2	kikai_r4.pdf
四方弁	用語	2	kikai_r4.pdf
回以下	用語	2	kikai_r4.pdf
回転振動式	用語	2	kikai_r4.pdf
回転数	用語	2	kikai_r4.pdf
回転方向	用語	2	kikai_r4.pdf
回転板	用語	2	kikai_r4.pdf
回転板接触方式	用語	2	kikai_r4.pdf
回転板接触装置	用語	2	kikai_r4.pdf
回転電気機械	用語	2	kikai_r4.pdf
図示記号	用語	2	kikai_r4.pdf
図面ホルダ	用語	2	kikai_r4.pdf
固定床	用語	2	kikai_r4.pdf
固定支持共	用語	2	kikai_r4.pdf
固形物	用語	2	kikai_r4.pdf
国土交通大臣認定	用語	2	kikai_r4.pdf
圧力低下	用語	2	kikai_r4.pdf
圧力安全弁	用語	2	kikai_r4.pdf
圧力損失	用語	2	kikai_r4.pdf
圧力確認	用語	2	kikai_r4.pdf
圧力若	用語	2	kikai_r4.pdf
圧力調整器内蔵式	用語	2	kikai_r4.pdf
圧力警報	用語	2	kikai_r4.pdf
圧力降下	用語	2	kikai_r4.pdf
圧着端子類	用語	2	kikai_r4.pdf
圧縮力	用語	2	kikai_r4.pdf
圧縮空気中	用語	2	kikai_r4.pdf
地上式	用語	2	kikai_r4.pdf
地下オイルタンク附属金物	用語	2	kikai_r4.pdf
地中埋設	用語	2	kikai_r4.pdf
地中埋設深	用語	2	kikai_r4.pdf
地盤面	用語	2	kikai_r4.pdf
地質柱状図	用語	2	kikai_r4.pdf
地震管制運転	用語	2	kikai_r4.pdf
垂直配管	用語	2	kikai_r4.pdf
型以上	用語	2	kikai_r4.pdf
埋設深	用語	2	kikai_r4.pdf
埋設表示用アルミテープ	用語	2	kikai_r4.pdf
基収第	用語	2	kikai_r4.pdf
堅木材当	用語	2	kikai_r4.pdf
報告書	用語	2	kikai_r4.pdf
場合作動	用語	2	kikai_r4.pdf
塗料等溶接	用語	2	kikai_r4.pdf
塗装工事	用語	2	kikai_r4.pdf
塗装標準	用語	2	kikai_r4.pdf
塗装溶融亜鉛	用語	2	kikai_r4.pdf
塩化ビニル	用語	2	kikai_r4.pdf
塩化ビニル製	用語	2	kikai_r4.pdf
壁付形	用語	2	kikai_r4.pdf
壁内配管	用語	2	kikai_r4.pdf
壁埋込型	用語	2	kikai_r4.pdf
変圧器	用語	2	kikai_r4.pdf
変形抑制措置	用語	2	kikai_r4.pdf
外形寸法	用語	2	kikai_r4.pdf
外気乾球温度	用語	2	kikai_r4.pdf
外気取入	用語	2	kikai_r4.pdf
外気湿球温度	用語	2	kikai_r4.pdf
外気負荷	用語	2	kikai_r4.pdf
外気負荷用コイル	用語	2	kikai_r4.pdf
外部出力端子付	用語	2	kikai_r4.pdf
外部取付	用語	2	kikai_r4.pdf
外部補強方式	用語	2	kikai_r4.pdf
外部配線	用語	2	kikai_r4.pdf
外部鋼板製	用語	2	kikai_r4.pdf
外面被覆鋼管継手	用語	2	kikai_r4.pdf
多翼送風機	用語	2	kikai_r4.pdf
大気圧以下	用語	2	kikai_r4.pdf
大気汚染防止法	用語	2	kikai_r4.pdf
天井リール式	用語	2	kikai_r4.pdf
天井リール式アウトレット	用語	2	kikai_r4.pdf
天板取出	用語	2	kikai_r4.pdf
孔口保護管	用語	2	kikai_r4.pdf
安全サイド	用語	2	kikai_r4.pdf
安全データシート	用語	2	kikai_r4.pdf
安全対策	用語	2	kikai_r4.pdf
安全性	用語	2	kikai_r4.pdf
安全率	用語	2	kikai_r4.pdf
完成図	用語	2	kikai_r4.pdf
定位置	用語	2	kikai_r4.pdf
定圧作動装置	用語	2	kikai_r4.pdf
定格出力時	用語	2	kikai_r4.pdf
定格容量	用語	2	kikai_r4.pdf
定格性能	用語	2	kikai_r4.pdf
定格感度電流	用語	2	kikai_r4.pdf
定格積載量	用語	2	kikai_r4.pdf
定格電圧	用語	2	kikai_r4.pdf
実ガス	用語	2	kikai_r4.pdf
実容量	用語	2	kikai_r4.pdf
実施責任者	用語	2	kikai_r4.pdf
室内温度制御	用語	2	kikai_r4.pdf
室内用	用語	2	kikai_r4.pdf
室内負荷	用語	2	kikai_r4.pdf
室内負荷用コイル	用語	2	kikai_r4.pdf
室内負荷用コイル側	用語	2	kikai_r4.pdf
家庭用ガス温水機器	用語	2	kikai_r4.pdf
容器保安規則	用語	2	kikai_r4.pdf
密閉回路	用語	2	kikai_r4.pdf
密閉形隔膜式膨張タンク	用語	2	kikai_r4.pdf
対称値	用語	2	kikai_r4.pdf
対象機器	用語	2	kikai_r4.pdf
封入圧力	用語	2	kikai_r4.pdf
専用コントローラ	用語	2	kikai_r4.pdf
専用ボタン	用語	2	kikai_r4.pdf
専用操作盤	用語	2	kikai_r4.pdf
専用操作盤上	用語	2	kikai_r4.pdf
専用行先ボタン	用語	2	kikai_r4.pdf
導圧管	用語	2	kikai_r4.pdf
小便器スパッド	用語	2	kikai_r4.pdf
小便器床フランジ	用語	2	kikai_r4.pdf
小数点第	用語	2	kikai_r4.pdf
小荷物専用昇降機	用語	2	kikai_r4.pdf
少水量停止時	用語	2	kikai_r4.pdf
屋外地中配管	用語	2	kikai_r4.pdf
屋外埋設用	用語	2	kikai_r4.pdf
屋外形	用語	2	kikai_r4.pdf
屋外消火栓	用語	2	kikai_r4.pdf
屋外露出部分	用語	2	kikai_r4.pdf
山形鋼取付	用語	2	kikai_r4.pdf
山形鋼最小寸法	用語	2	kikai_r4.pdf
工事完成時	用語	2	kikai_r4.pdf
工事実績情報システム	用語	2	kikai_r4.pdf
工場加工	用語	2	kikai_r4.pdf
工場溶接	用語	2	kikai_r4.pdf
左右バンク	用語	2	kikai_r4.pdf
左右両面	用語	2	kikai_r4.pdf
巻上電動機ターニングハンドル	用語	2	kikai_r4.pdf
常時作動型二重系ブレーキ	用語	2	kikai_r4.pdf
常時昇降案内機器	用語	2	kikai_r4.pdf
平ホース	用語	2	kikai_r4.pdf
平常運転中	用語	2	kikai_r4.pdf
平面鏡	用語	2	kikai_r4.pdf
年厚生省令第	用語	2	kikai_r4.pdf
年建設省告示第	用語	2	kikai_r4.pdf
年消防予第	用語	2	kikai_r4.pdf
年通商産業省告示第	用語	2	kikai_r4.pdf
床フランジ	用語	2	kikai_r4.pdf
床表面温度	用語	2	kikai_r4.pdf
床貫通部	用語	2	kikai_r4.pdf
底板接合部	用語	2	kikai_r4.pdf
底部設置	用語	2	kikai_r4.pdf
度以下	用語	2	kikai_r4.pdf
座屈防止用形鋼振	用語	2	kikai_r4.pdf
廃棄物処理法	用語	2	kikai_r4.pdf
建物内	用語	2	kikai_r4.pdf
建物高	用語	2	kikai_r4.pdf
建築基準法施行令	用語	2	kikai_r4.pdf
建築基準法第	用語	2	kikai_r4.pdf
建設リサイクル法	用語	2	kikai_r4.pdf
建設発生土	用語	2	kikai_r4.pdf
式管継手	用語	2	kikai_r4.pdf
式継手	用語	2	kikai_r4.pdf
引張力	用語	2	kikai_r4.pdf
引張強度	用語	2	kikai_r4.pdf
弱電流電線	用語	2	kikai_r4.pdf
弱電計装用ポリエチレン絶縁ビニルシース	用語	2	kikai_r4.pdf
張力平衡用	用語	2	kikai_r4.pdf
強制的	用語	2	kikai_r4.pdf
強制通気式ガスバーナー	用語	2	kikai_r4.pdf
強風時	用語	2	kikai_r4.pdf
当該ポンプ	用語	2	kikai_r4.pdf
当該工事関係者	用語	2	kikai_r4.pdf
当該法令	用語	2	kikai_r4.pdf
当該部分	用語	2	kikai_r4.pdf
形スイング逆止	用語	2	kikai_r4.pdf
形スクリーン	用語	2	kikai_r4.pdf
形ボール弁	用語	2	kikai_r4.pdf
形リフト逆止	用語	2	kikai_r4.pdf
形全熱交換ユニット	用語	2	kikai_r4.pdf
形洗面器トラップ	用語	2	kikai_r4.pdf
形鋼補強	用語	2	kikai_r4.pdf
後片付	用語	2	kikai_r4.pdf
従動側スプロケット	用語	2	kikai_r4.pdf
復帰操作	用語	2	kikai_r4.pdf
復電時自動復旧装置付	用語	2	kikai_r4.pdf
性能評定品	用語	2	kikai_r4.pdf
感熱部	用語	2	kikai_r4.pdf
感電防止	用語	2	kikai_r4.pdf
成形鋼板	用語	2	kikai_r4.pdf
戸全開	用語	2	kikai_r4.pdf
戸閉開始	用語	2	kikai_r4.pdf
戸開走行保護装置	用語	2	kikai_r4.pdf
手動起動装置	用語	2	kikai_r4.pdf
手動運転	用語	2	kikai_r4.pdf
手動開放	用語	2	kikai_r4.pdf
手溶接技術検定	用語	2	kikai_r4.pdf
抵抗変化式液面計	用語	2	kikai_r4.pdf
押ボタン式	用語	2	kikai_r4.pdf
押込圧力	用語	2	kikai_r4.pdf
拡大部	用語	2	kikai_r4.pdf
指示ユニット	用語	2	kikai_r4.pdf
指示調整形	用語	2	kikai_r4.pdf
振動測定	用語	2	kikai_r4.pdf
捨コンクリート	用語	2	kikai_r4.pdf
排気ダクト接続部	用語	2	kikai_r4.pdf
排気フード	用語	2	kikai_r4.pdf
排気フード内	用語	2	kikai_r4.pdf
排水基準	用語	2	kikai_r4.pdf
排水溝	用語	2	kikai_r4.pdf
排水用硬質ポリ塩化ビニル管継手	用語	2	kikai_r4.pdf
排水目皿	用語	2	kikai_r4.pdf
排水立	用語	2	kikai_r4.pdf
排水系統	用語	2	kikai_r4.pdf
排水配管	用語	2	kikai_r4.pdf
排泥弁	用語	2	kikai_r4.pdf
排泥弁以降	用語	2	kikai_r4.pdf
排煙時	用語	2	kikai_r4.pdf
排熱回収型温水発生ユニット	用語	2	kikai_r4.pdf
排熱回収量	用語	2	kikai_r4.pdf
掘削幅	用語	2	kikai_r4.pdf
掘削深	用語	2	kikai_r4.pdf
接合用	用語	2	kikai_r4.pdf
接地線	用語	2	kikai_r4.pdf
接続具	用語	2	kikai_r4.pdf
接続後	用語	2	kikai_r4.pdf
接続方法	用語	2	kikai_r4.pdf
接続管	用語	2	kikai_r4.pdf
接続箱	用語	2	kikai_r4.pdf
接続要領	用語	2	kikai_r4.pdf
揚装置	用語	2	kikai_r4.pdf
換気装置	用語	2	kikai_r4.pdf
搬器降下制限装置	用語	2	kikai_r4.pdf
操作キースイッチ	用語	2	kikai_r4.pdf
操作ハンドル	用語	2	kikai_r4.pdf
操作回路	用語	2	kikai_r4.pdf
操作盤上部	用語	2	kikai_r4.pdf
操作箱	用語	2	kikai_r4.pdf
支持具	用語	2	kikai_r4.pdf
支持受	用語	2	kikai_r4.pdf
支持施工要領	用語	2	kikai_r4.pdf
支持部	用語	2	kikai_r4.pdf
支持金物類	用語	2	kikai_r4.pdf
支持面	用語	2	kikai_r4.pdf
改善後	用語	2	kikai_r4.pdf
改質装置	用語	2	kikai_r4.pdf
放出弁	用語	2	kikai_r4.pdf
放出起動用スイッチ	用語	2	kikai_r4.pdf
放射ホーン	用語	2	kikai_r4.pdf
放射線透過試験方法	用語	2	kikai_r4.pdf
放散量	用語	2	kikai_r4.pdf
放水量	用語	2	kikai_r4.pdf
放熱器トラップ	用語	2	kikai_r4.pdf
散気式	用語	2	kikai_r4.pdf
散気管	用語	2	kikai_r4.pdf
整形用原紙	用語	2	kikai_r4.pdf
文字記号	用語	2	kikai_r4.pdf
断熱インサート金物	用語	2	kikai_r4.pdf
断熱厚	用語	2	kikai_r4.pdf
断熱層	用語	2	kikai_r4.pdf
断熱性	用語	2	kikai_r4.pdf
断熱材付	用語	2	kikai_r4.pdf
断熱材挿入	用語	2	kikai_r4.pdf
断熱粘着テープ	用語	2	kikai_r4.pdf
施工中	用語	2	kikai_r4.pdf
施工例	用語	2	kikai_r4.pdf
施工前	用語	2	kikai_r4.pdf
施工地点位置図	用語	2	kikai_r4.pdf
施工後	用語	2	kikai_r4.pdf
施工日	用語	2	kikai_r4.pdf
施工条件	用語	2	kikai_r4.pdf
施工状況	用語	2	kikai_r4.pdf
施設基準	用語	2	kikai_r4.pdf
施設関係者以外	用語	2	kikai_r4.pdf
既設井分布調査	用語	2	kikai_r4.pdf
日本エルピーガス供給機器工業会	用語	2	kikai_r4.pdf
日本厨房工業会	用語	2	kikai_r4.pdf
日本建築学会	用語	2	kikai_r4.pdf
日本水道協会	用語	2	kikai_r4.pdf
日間以内	用語	2	kikai_r4.pdf
昇降時	用語	2	kikai_r4.pdf
昇降機	用語	2	kikai_r4.pdf
昇降路全高	用語	2	kikai_r4.pdf
昇降路壁	用語	2	kikai_r4.pdf
昇降路底部	用語	2	kikai_r4.pdf
昇降路頂部高	用語	2	kikai_r4.pdf
時リスタート運転	用語	2	kikai_r4.pdf
時間以上	用語	2	kikai_r4.pdf
時間経過後	用語	2	kikai_r4.pdf
普及型エレベーター	用語	2	kikai_r4.pdf
普通便座	用語	2	kikai_r4.pdf
普通騒音計	用語	2	kikai_r4.pdf
暖房時	用語	2	kikai_r4.pdf
暗渠内配管	用語	2	kikai_r4.pdf
暗紫色	用語	2	kikai_r4.pdf
最大揚水量	用語	2	kikai_r4.pdf
最大流量	用語	2	kikai_r4.pdf
最大総油量	用語	2	kikai_r4.pdf
最寄階停止	用語	2	kikai_r4.pdf
最小値	用語	2	kikai_r4.pdf
最小板厚	用語	2	kikai_r4.pdf
最小線径	用語	2	kikai_r4.pdf
最高使用圧力以上	用語	2	kikai_r4.pdf
最高全揚程	用語	2	kikai_r4.pdf
最高吐出圧力	用語	2	kikai_r4.pdf
最高押込	用語	2	kikai_r4.pdf
月報作成機能	用語	2	kikai_r4.pdf
有効径	用語	2	kikai_r4.pdf
有効断面	用語	2	kikai_r4.pdf
末端圧力	用語	2	kikai_r4.pdf
末端圧力推定制御	用語	2	kikai_r4.pdf
末端部	用語	2	kikai_r4.pdf
本以上	用語	2	kikai_r4.pdf
本設備	用語	2	kikai_r4.pdf
材交換形	用語	2	kikai_r4.pdf
材自動巻取装置	用語	2	kikai_r4.pdf
枚以上設	用語	2	kikai_r4.pdf
架橋ポリエチレン管工業会規格	用語	2	kikai_r4.pdf
棒鋼製	用語	2	kikai_r4.pdf
検出端	用語	2	kikai_r4.pdf
検定合格品	用語	2	kikai_r4.pdf
検査前	用語	2	kikai_r4.pdf
検査合格証票	用語	2	kikai_r4.pdf
検査対象	用語	2	kikai_r4.pdf
検査日	用語	2	kikai_r4.pdf
検査標準	用語	2	kikai_r4.pdf
検知器	用語	2	kikai_r4.pdf
検知警報	用語	2	kikai_r4.pdf
業務用ガス機器	用語	2	kikai_r4.pdf
業務用厨房熱機器等性能測定基準	用語	2	kikai_r4.pdf
概成工期	用語	2	kikai_r4.pdf
構造上	用語	2	kikai_r4.pdf
構造方法	用語	2	kikai_r4.pdf
構造施工要領	用語	2	kikai_r4.pdf
構造若	用語	2	kikai_r4.pdf
構造計算	用語	2	kikai_r4.pdf
標準形	用語	2	kikai_r4.pdf
模擬母線貼付	用語	2	kikai_r4.pdf
樹脂シート貼	用語	2	kikai_r4.pdf
樹脂ライニング	用語	2	kikai_r4.pdf
樹脂粉体コーティング	用語	2	kikai_r4.pdf
樹脂被覆	用語	2	kikai_r4.pdf
樹脂被覆ケーブル	用語	2	kikai_r4.pdf
樹脂製ハンドル付	用語	2	kikai_r4.pdf
機内静圧	用語	2	kikai_r4.pdf
機器背面	用語	2	kikai_r4.pdf
機械室標準	用語	2	kikai_r4.pdf
機械構造用炭素鋼製	用語	2	kikai_r4.pdf
機械構造用炭素鋼鋼管	用語	2	kikai_r4.pdf
機械的管継手	用語	2	kikai_r4.pdf
機械的継手	用語	2	kikai_r4.pdf
残液量	用語	2	kikai_r4.pdf
残留電荷放電装置	用語	2	kikai_r4.pdf
段階揚水試験	用語	2	kikai_r4.pdf
比例式	用語	2	kikai_r4.pdf
比較的小	用語	2	kikai_r4.pdf
気圧試験	用語	2	kikai_r4.pdf
気密性	用語	2	kikai_r4.pdf
気象情報	用語	2	kikai_r4.pdf
気象条件	用語	2	kikai_r4.pdf
水中モーターポンプ	用語	2	kikai_r4.pdf
水中形三相誘導電動機	用語	2	kikai_r4.pdf
水位回復試験	用語	2	kikai_r4.pdf
水位開閉器	用語	2	kikai_r4.pdf
水冷式凝縮器	用語	2	kikai_r4.pdf
水力発電所	用語	2	kikai_r4.pdf
水封式真空ポンプ	用語	2	kikai_r4.pdf
水成膜泡消火薬剤	用語	2	kikai_r4.pdf
水撃作用	用語	2	kikai_r4.pdf
水栓柱	用語	2	kikai_r4.pdf
水栓穴無	用語	2	kikai_r4.pdf
水用コイル通過面風速	用語	2	kikai_r4.pdf
水質項目	用語	2	kikai_r4.pdf
水道法	用語	2	kikai_r4.pdf
水道用ゴム	用語	2	kikai_r4.pdf
水道用ポリエチレン二層管	用語	2	kikai_r4.pdf
水道用ポリエチレン粉体ライニング鋼管	用語	2	kikai_r4.pdf
水道用減圧弁	用語	2	kikai_r4.pdf
水道用硬質ポリ塩化ビニル管継手	用語	2	kikai_r4.pdf
水道用硬質塩化ビニルライニング鋼管	用語	2	kikai_r4.pdf
水道用硬質塩化ビニル管	用語	2	kikai_r4.pdf
水道用耐熱性硬質塩化ビニルライニング鋼管	用語	2	kikai_r4.pdf
水道直結	用語	2	kikai_r4.pdf
水道量	用語	2	kikai_r4.pdf
水量調整	用語	2	kikai_r4.pdf
水銀製品以外	用語	2	kikai_r4.pdf
氷生成装置	用語	2	kikai_r4.pdf
氷蓄熱ユニット	用語	2	kikai_r4.pdf
汎用パソコン	用語	2	kikai_r4.pdf
汚水流入管	用語	2	kikai_r4.pdf
汚物流	用語	2	kikai_r4.pdf
沈殿槽	用語	2	kikai_r4.pdf
沸点以下	用語	2	kikai_r4.pdf
油ストレーナ	用語	2	kikai_r4.pdf
油冷却器	用語	2	kikai_r4.pdf
油圧ポンプ	用語	2	kikai_r4.pdf
油温保護制御機能	用語	2	kikai_r4.pdf
油配管	用語	2	kikai_r4.pdf
油量指示計	用語	2	kikai_r4.pdf
油面位置	用語	2	kikai_r4.pdf
油面制御盤	用語	2	kikai_r4.pdf
治療用空気配管	用語	2	kikai_r4.pdf
法定冷凍トン	用語	2	kikai_r4.pdf
法的規制調査	用語	2	kikai_r4.pdf
波感知器	用語	2	kikai_r4.pdf
注油口金具	用語	2	kikai_r4.pdf
洗浄度	用語	2	kikai_r4.pdf
洗浄弁	用語	2	kikai_r4.pdf
洗面器ユニット	用語	2	kikai_r4.pdf
流水検知装置	用語	2	kikai_r4.pdf
流量制御方式	用語	2	kikai_r4.pdf
流量検出器	用語	2	kikai_r4.pdf
浄化槽	用語	2	kikai_r4.pdf
浄化槽法	用語	2	kikai_r4.pdf
浸水時管制運転	用語	2	kikai_r4.pdf
消泡剤	用語	2	kikai_r4.pdf
消泡剤式	用語	2	kikai_r4.pdf
消泡用	用語	2	kikai_r4.pdf
消泡管	用語	2	kikai_r4.pdf
消火ポンプ	用語	2	kikai_r4.pdf
消火剤放出前	用語	2	kikai_r4.pdf
消火器	用語	2	kikai_r4.pdf
消火用	用語	2	kikai_r4.pdf
消火用配管	用語	2	kikai_r4.pdf
消火薬剤	用語	2	kikai_r4.pdf
消火設備	用語	2	kikai_r4.pdf
消費電力自給装置	用語	2	kikai_r4.pdf
消防法施行規則	用語	2	kikai_r4.pdf
消防用吸管	用語	2	kikai_r4.pdf
消防運転時	用語	2	kikai_r4.pdf
消防長	用語	2	kikai_r4.pdf
消音エルボ	用語	2	kikai_r4.pdf
消音チャンバー	用語	2	kikai_r4.pdf
消音ボックス付送風機	用語	2	kikai_r4.pdf
液化石油ガス以外	用語	2	kikai_r4.pdf
液化石油ガス法施行規則	用語	2	kikai_r4.pdf
液面揺動	用語	2	kikai_r4.pdf
深井戸用水中モーターポンプ	用語	2	kikai_r4.pdf
深度確認	用語	2	kikai_r4.pdf
混合比	用語	2	kikai_r4.pdf
混合物	用語	2	kikai_r4.pdf
減圧装置	用語	2	kikai_r4.pdf
減段制御	用語	2	kikai_r4.pdf
渦流形	用語	2	kikai_r4.pdf
温度リレー	用語	2	kikai_r4.pdf
温度検出器	用語	2	kikai_r4.pdf
温度設定	用語	2	kikai_r4.pdf
温水コイル	用語	2	kikai_r4.pdf
温水タンク	用語	2	kikai_r4.pdf
温水パネル式	用語	2	kikai_r4.pdf
温水ヘッダー	用語	2	kikai_r4.pdf
温水ポンプ	用語	2	kikai_r4.pdf
温水マット式	用語	2	kikai_r4.pdf
温水出口温度	用語	2	kikai_r4.pdf
温水熱交換器	用語	2	kikai_r4.pdf
温湿度	用語	2	kikai_r4.pdf
測定位置	用語	2	kikai_r4.pdf
測定結果	用語	2	kikai_r4.pdf
湾曲部	用語	2	kikai_r4.pdf
湿度目標値	用語	2	kikai_r4.pdf
満水状態	用語	2	kikai_r4.pdf
満水試験継手	用語	2	kikai_r4.pdf
溶接作業中	用語	2	kikai_r4.pdf
溶接式亜鉛	用語	2	kikai_r4.pdf
溶接接合方法	用語	2	kikai_r4.pdf
溶接材料	用語	2	kikai_r4.pdf
溶接速度	用語	2	kikai_r4.pdf
溶接部全線	用語	2	kikai_r4.pdf
溶液循環量	用語	2	kikai_r4.pdf
溶液温度	用語	2	kikai_r4.pdf
溶液熱交換器	用語	2	kikai_r4.pdf
漏気量	用語	2	kikai_r4.pdf
漏電引外	用語	2	kikai_r4.pdf
漏電遮断器	用語	2	kikai_r4.pdf
潜漬形	用語	2	kikai_r4.pdf
潤滑用	用語	2	kikai_r4.pdf
濃度測定	用語	2	kikai_r4.pdf
火力設備	用語	2	kikai_r4.pdf
火災時管制運転	用語	2	kikai_r4.pdf
炊飯器	用語	2	kikai_r4.pdf
炭素鋼鋳鋼品	用語	2	kikai_r4.pdf
点検ボックス	用語	2	kikai_r4.pdf
点検灯	用語	2	kikai_r4.pdf
点火棒	用語	2	kikai_r4.pdf
点灯式	用語	2	kikai_r4.pdf
無停電電源装置	用語	2	kikai_r4.pdf
焼付塗装	用語	2	kikai_r4.pdf
煙感知器	用語	2	kikai_r4.pdf
煮炊釜	用語	2	kikai_r4.pdf
熱交換効率	用語	2	kikai_r4.pdf
熱交換器用合金鋼管	用語	2	kikai_r4.pdf
熱伸縮	用語	2	kikai_r4.pdf
熱収縮シート	用語	2	kikai_r4.pdf
熱収縮チューブ	用語	2	kikai_r4.pdf
熱媒水循環ポンプ	用語	2	kikai_r4.pdf
熱源機制御	用語	2	kikai_r4.pdf
熱源機台数制御	用語	2	kikai_r4.pdf
熱融着接合	用語	2	kikai_r4.pdf
熱間仕上	用語	2	kikai_r4.pdf
熱間圧延鋼板	用語	2	kikai_r4.pdf
熱風ヒーター方式	用語	2	kikai_r4.pdf
燃性試験方法	用語	2	kikai_r4.pdf
燃料低位発熱量	用語	2	kikai_r4.pdf
燃料供給	用語	2	kikai_r4.pdf
燃料削減率	用語	2	kikai_r4.pdf
燃料投入熱量	用語	2	kikai_r4.pdf
燃料搬送装置	用語	2	kikai_r4.pdf
燃焼用送風機	用語	2	kikai_r4.pdf
特定ガス消費機器	用語	2	kikai_r4.pdf
現場代理人	用語	2	kikai_r4.pdf
球形固形物	用語	2	kikai_r4.pdf
球状黒鉛鋳鉄	用語	2	kikai_r4.pdf
環境圧力下	用語	2	kikai_r4.pdf
環境騒音	用語	2	kikai_r4.pdf
用研削材	用語	2	kikai_r4.pdf
用緩衝器	用語	2	kikai_r4.pdf
用金具	用語	2	kikai_r4.pdf
申請書類	用語	2	kikai_r4.pdf
異常停止	用語	2	kikai_r4.pdf
発泡密度	用語	2	kikai_r4.pdf
発泡材	用語	2	kikai_r4.pdf
発熱ユニット	用語	2	kikai_r4.pdf
発電設備	用語	2	kikai_r4.pdf
登録内容	用語	2	kikai_r4.pdf
登録済	用語	2	kikai_r4.pdf
登録認定機関	用語	2	kikai_r4.pdf
監視制御機能	用語	2	kikai_r4.pdf
目盛板外径	用語	2	kikai_r4.pdf
目視検査	用語	2	kikai_r4.pdf
直上階	用語	2	kikai_r4.pdf
直接仮付	用語	2	kikai_r4.pdf
直接取付	用語	2	kikai_r4.pdf
直流電気回路	用語	2	kikai_r4.pdf
相互間	用語	2	kikai_r4.pdf
真空状態	用語	2	kikai_r4.pdf
真空開閉器	用語	2	kikai_r4.pdf
着火方式	用語	2	kikai_r4.pdf
着脱可能	用語	2	kikai_r4.pdf
着脱式壁保護材	用語	2	kikai_r4.pdf
着脱装置	用語	2	kikai_r4.pdf
瞬間湯沸器	用語	2	kikai_r4.pdf
短絡保護装置	用語	2	kikai_r4.pdf
短繊維	用語	2	kikai_r4.pdf
砂利地業	用語	2	kikai_r4.pdf
研磨仕上	用語	2	kikai_r4.pdf
破断力	用語	2	kikai_r4.pdf
硬質ビニル管	用語	2	kikai_r4.pdf
硬質塩化ビニル管	用語	2	kikai_r4.pdf
硬質塩化ビニル製	用語	2	kikai_r4.pdf
硬質独立気泡	用語	2	kikai_r4.pdf
磁歪式液面計	用語	2	kikai_r4.pdf
秒以上	用語	2	kikai_r4.pdf
移動床	用語	2	kikai_r4.pdf
移動床式	用語	2	kikai_r4.pdf
種粉末	用語	2	kikai_r4.pdf
空冷式	用語	2	kikai_r4.pdf
空冷式パッケージ形空気調和機	用語	2	kikai_r4.pdf
空冷式凝縮器用送風機用	用語	2	kikai_r4.pdf
空気供給装置	用語	2	kikai_r4.pdf
空気圧調整弁	用語	2	kikai_r4.pdf
空気抜コック	用語	2	kikai_r4.pdf
空気抜弁	用語	2	kikai_r4.pdf
空気熱源ヒートポンプ	用語	2	kikai_r4.pdf
空調機	用語	2	kikai_r4.pdf
空調機用トラップ	用語	2	kikai_r4.pdf
穿孔開口率	用語	2	kikai_r4.pdf
管スリーブ	用語	2	kikai_r4.pdf
管内流速	用語	2	kikai_r4.pdf
管制運転動作	用語	2	kikai_r4.pdf
管座金	用語	2	kikai_r4.pdf
管接続部	用語	2	kikai_r4.pdf
管支持金物	用語	2	kikai_r4.pdf
管相互	用語	2	kikai_r4.pdf
管端防食管継手用パイプニップル	用語	2	kikai_r4.pdf
管軸心	用語	2	kikai_r4.pdf
節電機能	用語	2	kikai_r4.pdf
粉末消火配管	用語	2	kikai_r4.pdf
粒子捕集率	用語	2	kikai_r4.pdf
粒子状物質捕集率	用語	2	kikai_r4.pdf
粒度分布	用語	2	kikai_r4.pdf
粘着力	用語	2	kikai_r4.pdf
系統図	用語	2	kikai_r4.pdf
系統連系	用語	2	kikai_r4.pdf
紙製仮枠	用語	2	kikai_r4.pdf
素地調整用ブラスト処理面	用語	2	kikai_r4.pdf
終了時	用語	2	kikai_r4.pdf
組立式	用語	2	kikai_r4.pdf
結露防止	用語	2	kikai_r4.pdf
給排気系統	用語	2	kikai_r4.pdf
給排水管	用語	2	kikai_r4.pdf
給気温度制御	用語	2	kikai_r4.pdf
給気温度設定値	用語	2	kikai_r4.pdf
給気用送風機	用語	2	kikai_r4.pdf
給水方式	用語	2	kikai_r4.pdf
給油管	用語	2	kikai_r4.pdf
給湯方式	用語	2	kikai_r4.pdf
給湯設備	用語	2	kikai_r4.pdf
絶縁カバー	用語	2	kikai_r4.pdf
絶縁部	用語	2	kikai_r4.pdf
継手受口	用語	2	kikai_r4.pdf
継手受口端部	用語	2	kikai_r4.pdf
継手本体	用語	2	kikai_r4.pdf
継手部	用語	2	kikai_r4.pdf
継目板	用語	2	kikai_r4.pdf
継目無鋼管	用語	2	kikai_r4.pdf
継目間隔	用語	2	kikai_r4.pdf
緊張装置	用語	2	kikai_r4.pdf
緊急時専用	用語	2	kikai_r4.pdf
総合効率	用語	2	kikai_r4.pdf
総合柱状図	用語	2	kikai_r4.pdf
総合試運転調整完了後	用語	2	kikai_r4.pdf
締切圧力	用語	2	kikai_r4.pdf
緩衝装置	用語	2	kikai_r4.pdf
縦方向	用語	2	kikai_r4.pdf
羽根形	用語	2	kikai_r4.pdf
羽根形状	用語	2	kikai_r4.pdf
羽根形送風機	用語	2	kikai_r4.pdf
耐久性	用語	2	kikai_r4.pdf
耐圧力	用語	2	kikai_r4.pdf
耐塩水噴霧試験	用語	2	kikai_r4.pdf
耐油性	用語	2	kikai_r4.pdf
耐熱性硬質ポリ塩化ビニル管	用語	2	kikai_r4.pdf
耐震安全性	用語	2	kikai_r4.pdf
肉溶接	用語	2	kikai_r4.pdf
背面パネル上	用語	2	kikai_r4.pdf
能力計算書	用語	2	kikai_r4.pdf
脱燐方式	用語	2	kikai_r4.pdf
脱落防止	用語	2	kikai_r4.pdf
腐食性	用語	2	kikai_r4.pdf
腐食抑制剤	用語	2	kikai_r4.pdf
腐食防止剤	用語	2	kikai_r4.pdf
自動交互追従運転	用語	2	kikai_r4.pdf
自動制御方式	用語	2	kikai_r4.pdf
自動制御設備	用語	2	kikai_r4.pdf
自動巻取	用語	2	kikai_r4.pdf
自動復帰式	用語	2	kikai_r4.pdf
自動手動切換器	用語	2	kikai_r4.pdf
自動運転機能	用語	2	kikai_r4.pdf
自家発時管制運転	用語	2	kikai_r4.pdf
自然降下保護装置	用語	2	kikai_r4.pdf
臭化リチウム水溶液	用語	2	kikai_r4.pdf
良質土	用語	2	kikai_r4.pdf
荷物用	用語	2	kikai_r4.pdf
蒸気コイル	用語	2	kikai_r4.pdf
蒸気ヘッダー	用語	2	kikai_r4.pdf
蒸気ボイラー	用語	2	kikai_r4.pdf
蒸気供給装置	用語	2	kikai_r4.pdf
蒸気噴霧式	用語	2	kikai_r4.pdf
蒸気用コイル	用語	2	kikai_r4.pdf
蓄熱タンク	用語	2	kikai_r4.pdf
蓄熱槽制御	用語	2	kikai_r4.pdf
薬注ポンプ	用語	2	kikai_r4.pdf
融雪用	用語	2	kikai_r4.pdf
衛生的環境	用語	2	kikai_r4.pdf
表示内容	用語	2	kikai_r4.pdf
表示機能	用語	2	kikai_r4.pdf
表示点数	用語	2	kikai_r4.pdf
表示画面	用語	2	kikai_r4.pdf
表示装置上	用語	2	kikai_r4.pdf
表示装置機能	用語	2	kikai_r4.pdf
表示項目	用語	2	kikai_r4.pdf
被覆アーク溶接	用語	2	kikai_r4.pdf
被覆色	用語	2	kikai_r4.pdf
装置停止時	用語	2	kikai_r4.pdf
補助熱源機	用語	2	kikai_r4.pdf
補助軸受	用語	2	kikai_r4.pdf
補正前	用語	2	kikai_r4.pdf
製タンク	用語	2	kikai_r4.pdf
製造年月	用語	2	kikai_r4.pdf
製造所	用語	2	kikai_r4.pdf
製造者名	用語	2	kikai_r4.pdf
複合板パネル	用語	2	kikai_r4.pdf
要求事項	用語	2	kikai_r4.pdf
見本施工	用語	2	kikai_r4.pdf
規定時間内	用語	2	kikai_r4.pdf
視覚障害者用	用語	2	kikai_r4.pdf
解釈例規	用語	2	kikai_r4.pdf
計測データ	用語	2	kikai_r4.pdf
計量値	用語	2	kikai_r4.pdf
計量方式	用語	2	kikai_r4.pdf
計量積算値	用語	2	kikai_r4.pdf
計量装置	用語	2	kikai_r4.pdf
記録式圧力計	用語	2	kikai_r4.pdf
設備システム運転支援	用語	2	kikai_r4.pdf
設定値表示	用語	2	kikai_r4.pdf
設定方法	用語	2	kikai_r4.pdf
設定風量	用語	2	kikai_r4.pdf
設置位置	用語	2	kikai_r4.pdf
設置方法	用語	2	kikai_r4.pdf
設計圧力	用語	2	kikai_r4.pdf
設計基準強度	用語	2	kikai_r4.pdf
設計用標準水平震度	用語	2	kikai_r4.pdf
許容差	用語	2	kikai_r4.pdf
評価方法	用語	2	kikai_r4.pdf
試験完了後	用語	2	kikai_r4.pdf
試験炎	用語	2	kikai_r4.pdf
試験用実ガス	用語	2	kikai_r4.pdf
試験結果	用語	2	kikai_r4.pdf
詳細図	用語	2	kikai_r4.pdf
認定証票	用語	2	kikai_r4.pdf
認証基準	用語	2	kikai_r4.pdf
誤作動	用語	2	kikai_r4.pdf
説明書	用語	2	kikai_r4.pdf
調合表	用語	2	kikai_r4.pdf
調和空気	用語	2	kikai_r4.pdf
調整圧力	用語	2	kikai_r4.pdf
調節器	用語	2	kikai_r4.pdf
調節器付	用語	2	kikai_r4.pdf
調節機構	用語	2	kikai_r4.pdf
警報ランプ	用語	2	kikai_r4.pdf
警報信号	用語	2	kikai_r4.pdf
警報配線	用語	2	kikai_r4.pdf
貫流式	用語	2	kikai_r4.pdf
貯湯式電気温水器	用語	2	kikai_r4.pdf
貯留槽	用語	2	kikai_r4.pdf
質量法捕集率	用語	2	kikai_r4.pdf
赤文字	用語	2	kikai_r4.pdf
起動用スイッチ	用語	2	kikai_r4.pdf
起動用水圧開閉装置	用語	2	kikai_r4.pdf
起動表示灯	用語	2	kikai_r4.pdf
起動装置	用語	2	kikai_r4.pdf
踏段ローラー	用語	2	kikai_r4.pdf
車両道路	用語	2	kikai_r4.pdf
軟質塩化ビニル	用語	2	kikai_r4.pdf
転倒防止措置	用語	2	kikai_r4.pdf
軸動力	用語	2	kikai_r4.pdf
軽量鉄骨ボード壁	用語	2	kikai_r4.pdf
迅速確実	用語	2	kikai_r4.pdf
送気圧	用語	2	kikai_r4.pdf
送気圧力警報	用語	2	kikai_r4.pdf
送気管	用語	2	kikai_r4.pdf
送気配管	用語	2	kikai_r4.pdf
送水圧力	用語	2	kikai_r4.pdf
送水圧力設定値	用語	2	kikai_r4.pdf
逆流防止装置	用語	2	kikai_r4.pdf
通信プロトコル	用語	2	kikai_r4.pdf
通気立	用語	2	kikai_r4.pdf
連続可変	用語	2	kikai_r4.pdf
連続揚水試験	用語	2	kikai_r4.pdf
連続的	用語	2	kikai_r4.pdf
遊合形フランジ接合	用語	2	kikai_r4.pdf
運行状態表示	用語	2	kikai_r4.pdf
運転キー	用語	2	kikai_r4.pdf
運転休止	用語	2	kikai_r4.pdf
運転内容	用語	2	kikai_r4.pdf
運転動作	用語	2	kikai_r4.pdf
運転実績	用語	2	kikai_r4.pdf
運転操作スイッチ	用語	2	kikai_r4.pdf
運転操作盤	用語	2	kikai_r4.pdf
運転方法	用語	2	kikai_r4.pdf
運転時間計	用語	2	kikai_r4.pdf
運転範囲	用語	2	kikai_r4.pdf
運転表示	用語	2	kikai_r4.pdf
運転電流	用語	2	kikai_r4.pdf
過方式	用語	2	kikai_r4.pdf
過速度	用語	2	kikai_r4.pdf
過電圧	用語	2	kikai_r4.pdf
過電流遮断器	用語	2	kikai_r4.pdf
遠心力	用語	2	kikai_r4.pdf
遠隔復帰式	用語	2	kikai_r4.pdf
適合性	用語	2	kikai_r4.pdf
適合性評価	用語	2	kikai_r4.pdf
適正トルク	用語	2	kikai_r4.pdf
適正揚水量	用語	2	kikai_r4.pdf
適用範囲	用語	2	kikai_r4.pdf
適量塗布	用語	2	kikai_r4.pdf
遮水深度	用語	2	kikai_r4.pdf
還気用送風機組込	用語	2	kikai_r4.pdf
還水管内	用語	2	kikai_r4.pdf
部分払	用語	2	kikai_r4.pdf
部品取付部	用語	2	kikai_r4.pdf
配筋要領	用語	2	kikai_r4.pdf
配管供給圧力	用語	2	kikai_r4.pdf
配管内清浄度検査	用語	2	kikai_r4.pdf
配管圧力	用語	2	kikai_r4.pdf
配管外観検査	用語	2	kikai_r4.pdf
配管接続用フランジ	用語	2	kikai_r4.pdf
配管施工前	用語	2	kikai_r4.pdf
配管気密試験完了後	用語	2	kikai_r4.pdf
配管用ステンレス鋼製スタブエンド	用語	2	kikai_r4.pdf
配管用雑材料	用語	2	kikai_r4.pdf
配管端末器最低流量	用語	2	kikai_r4.pdf
配管系	用語	2	kikai_r4.pdf
配管系統	用語	2	kikai_r4.pdf
配管系統検査	用語	2	kikai_r4.pdf
配線方式	用語	2	kikai_r4.pdf
配線用金属管	用語	2	kikai_r4.pdf
酸塩類	用語	2	kikai_r4.pdf
量水器	用語	2	kikai_r4.pdf
量水器桝	用語	2	kikai_r4.pdf
量測定口	用語	2	kikai_r4.pdf
金属製カバー	用語	2	kikai_r4.pdf
金属製パネル	用語	2	kikai_r4.pdf
金属製管継手	用語	2	kikai_r4.pdf
金属面	用語	2	kikai_r4.pdf
金物部	用語	2	kikai_r4.pdf
鉄線巻	用語	2	kikai_r4.pdf
鉛直荷重	用語	2	kikai_r4.pdf
銅合金製	用語	2	kikai_r4.pdf
銅合金連続鋳造鋳物	用語	2	kikai_r4.pdf
銅管継手	用語	2	kikai_r4.pdf
鋼材工事	用語	2	kikai_r4.pdf
鋼材製	用語	2	kikai_r4.pdf
鋼管製	用語	2	kikai_r4.pdf
鋼製共通ベッド	用語	2	kikai_r4.pdf
鋼製突合	用語	2	kikai_r4.pdf
鏡面光沢度	用語	2	kikai_r4.pdf
長方形	用語	2	kikai_r4.pdf
閉鎖時	用語	2	kikai_r4.pdf
間仕切	用語	2	kikai_r4.pdf
関係機関	用語	2	kikai_r4.pdf
防振効果	用語	2	kikai_r4.pdf
防振式	用語	2	kikai_r4.pdf
防止用	用語	2	kikai_r4.pdf
防止用温度ヒューズ	用語	2	kikai_r4.pdf
防止装置	用語	2	kikai_r4.pdf
防水層	用語	2	kikai_r4.pdf
防湿形	用語	2	kikai_r4.pdf
防滴カバー付	用語	2	kikai_r4.pdf
防滴保護形	用語	2	kikai_r4.pdf
防火区画貫通部施工要領	用語	2	kikai_r4.pdf
防火防煙ダンパー	用語	2	kikai_r4.pdf
防炎性試験方法	用語	2	kikai_r4.pdf
防砂装置	用語	2	kikai_r4.pdf
防護措置	用語	2	kikai_r4.pdf
防錆前処理	用語	2	kikai_r4.pdf
防錆措置	用語	2	kikai_r4.pdf
防食シート	用語	2	kikai_r4.pdf
防食保護	用語	2	kikai_r4.pdf
防食形継手	用語	2	kikai_r4.pdf
防食措置	用語	2	kikai_r4.pdf
防食用ポリ塩化ビニル粘着テープ	用語	2	kikai_r4.pdf
阻流板	用語	2	kikai_r4.pdf
除去率	用語	2	kikai_r4.pdf
除水器	用語	2	kikai_r4.pdf
除水管	用語	2	kikai_r4.pdf
階床数	用語	2	kikai_r4.pdf
隔膜式	用語	2	kikai_r4.pdf
集中管理リモコン	用語	2	kikai_r4.pdf
集熱ポンプ	用語	2	kikai_r4.pdf
集熱体	用語	2	kikai_r4.pdf
離脱制限装置	用語	2	kikai_r4.pdf
難燃性合成樹脂製	用語	2	kikai_r4.pdf
難燃性試験方法	用語	2	kikai_r4.pdf
雨水電動遮断弁	用語	2	kikai_r4.pdf
零相リアクトル	用語	2	kikai_r4.pdf
雷インパルス不動作形	用語	2	kikai_r4.pdf
電力デマンド監視	用語	2	kikai_r4.pdf
電力変換装置	用語	2	kikai_r4.pdf
電力量	用語	2	kikai_r4.pdf
電動ダンパー	用語	2	kikai_r4.pdf
電動機回路	用語	2	kikai_r4.pdf
電動機回転部	用語	2	kikai_r4.pdf
電圧変動	用語	2	kikai_r4.pdf
電気コンセント付ガス栓	用語	2	kikai_r4.pdf
電気テーブルレンジ	用語	2	kikai_r4.pdf
電気ヒーター	用語	2	kikai_r4.pdf
電気冷凍庫	用語	2	kikai_r4.pdf
電気冷蔵庫	用語	2	kikai_r4.pdf
電気工事	用語	2	kikai_r4.pdf
電気式容器弁開放装置	用語	2	kikai_r4.pdf
電気方式	用語	2	kikai_r4.pdf
電気検層	用語	2	kikai_r4.pdf
電気用品	用語	2	kikai_r4.pdf
電気的安全装置	用語	2	kikai_r4.pdf
電気的絶縁機能	用語	2	kikai_r4.pdf
電気的開放方式	用語	2	kikai_r4.pdf
電気配管振	用語	2	kikai_r4.pdf
電気配線工事	用語	2	kikai_r4.pdf
電気開閉式	用語	2	kikai_r4.pdf
電源供給	用語	2	kikai_r4.pdf
電源母線	用語	2	kikai_r4.pdf
電源種別	用語	2	kikai_r4.pdf
電磁コイル	用語	2	kikai_r4.pdf
電磁弁方式	用語	2	kikai_r4.pdf
電磁石	用語	2	kikai_r4.pdf
露出部分	用語	2	kikai_r4.pdf
露出配管	用語	2	kikai_r4.pdf
静止形全熱交換器	用語	2	kikai_r4.pdf
静荷重	用語	2	kikai_r4.pdf
非常事態	用語	2	kikai_r4.pdf
非常停止ボタン	用語	2	kikai_r4.pdf
非常呼	用語	2	kikai_r4.pdf
非常止	用語	2	kikai_r4.pdf
非常用	用語	2	kikai_r4.pdf
非常用発電装置	用語	2	kikai_r4.pdf
非破壊試験	用語	2	kikai_r4.pdf
音響警報起動用スイッチ	用語	2	kikai_r4.pdf
顕熱分離形	用語	2	kikai_r4.pdf
風量調整	用語	2	kikai_r4.pdf
飛散防止処理	用語	2	kikai_r4.pdf
食塩溶解タンク	用語	2	kikai_r4.pdf
飲料水以外	用語	2	kikai_r4.pdf
飲料水管	用語	2	kikai_r4.pdf
飲料用冷水機	用語	2	kikai_r4.pdf
館内放送用スピーカー	用語	2	kikai_r4.pdf
駆動用	用語	2	kikai_r4.pdf
駆動用圧縮ガス	用語	2	kikai_r4.pdf
駆動軸	用語	2	kikai_r4.pdf
高温高圧用鋳鋼品	用語	2	kikai_r4.pdf
高温高圧用鋳鋼製	用語	2	kikai_r4.pdf
高置タンク	用語	2	kikai_r4.pdf
高速度	用語	2	kikai_r4.pdf
高電圧	用語	2	kikai_r4.pdf
麻酔ガス	用語	2	kikai_r4.pdf
麻酔ガス排除供給装置	用語	2	kikai_r4.pdf
麻酔ガス排除配管	用語	2	kikai_r4.pdf
黄銅製ニッケル	用語	2	kikai_r4.pdf
黒心可鍛鋳鉄品	用語	2	kikai_r4.pdf
